mean_photons,prob_state_0,prob_state_1,prob_state_2,prob_state_3,prob_state_4,prob_state_5,prob_state_6,prob_state_7,prob_state_8,prob_state_9,prob_state_10,prob_state_11,prob_state_12,prob_state_13,prob_state_14,prob_state_15,prob_state_16,prob_state_17,prob_state_18,prob_state_19,prob_state_20,prob_state_21,prob_state_22,prob_state_23,prob_state_24,prob_state_25,prob_state_26,prob_state_27,prob_state_28,prob_state_29,prob_state_30,prob_state_31
2.984958191122532,5.841548037813275e-06,4.927409747998923e-06,4.285969003489753e-06,3.829207825897237e-06,3.504115206641317e-06,3.2778424069308177e-06,3.1299144580184425e-06,3.047997683328856e-06,3.0255997817702852e-06,3.0609223685581626e-06,3.156501043318277e-06,3.3195043580302883e-06,3.5627444296470492e-06,3.906677899000424e-06,4.383102667280732e-06,5.042234164439329e-06,5.967237661878852e-06,7.306249297803665e-06,9.3473511350565e-06,1.270806650062058e-05,1.8877995453798146e-05,3.207451430088936e-05,6.703934040418929e-05,0.00016657586020530117,0.9993433126084086,0.0001393859509751267,5.8493508480036665e-05,3.020628311176291e-05,1.84367775562201e-05,1.255581311540219e-05,9.229805393324706e-06,7.181346917690142e-06
2.8962779610638028,0.0011131266925821478,0.0009537318943109082,0.0008410470320219197,0.000760752668438821,0.0007041216795927785,0.00066573759632484,0.000642282067473438,0.0006318790666013342,0.0006337569760725794,0.0006481188450884186,0.0006761820435807545,0.0007203999861364287,0.0007849346964621999,0.0008765368723071871,0.0010061618273286316,0.0011920338119965174,0.0014658253757725396,0.0018862318716561112,0.0025722146091555244,0.0037965881744621613,0.006305767661148777,0.012789041332751367,0.03952251157063572,0.7522739880487792,0.12210482471630156,0.022020257043521733,0.009024703802193088,0.0049499114308791696,0.003168470371264162,0.0022358882268623133,0.0016893255807867193,0.0013436464275098817
2.810232335143469,0.0015140699497793917,0.0013230520134251856,0.0011873552953100277,0.0010913557964235287,0.001025397034280458,0.0009835122276628534,0.0009621942172727699,0.0009597425092470216,0.0009759669293032784,0.0010121558717055403,0.001071299798568039,0.0011586388622131063,0.0012827153033780935,0.0014573184894016078,0.001705150103549363,0.0020650634766451073,0.002607401707068908,0.003469888942932052,0.0049533013846762295,0.007822302766441021,0.014521814088064734,0.03682878069337636,0.24773528362741684,0.5684694799124124,0.05099748588954164,0.017745556614632497,0.009015377441226416,0.005516540197814857,0.003777632240421373,0.002792916689509694,0.0021849026953029787,0.0017863472309970155
2.7267430418126013,5.65831781047136e-05,4.981908849980523e-05,4.500197830430092e-05,4.160520629181924e-05,3.930204688878575e-05,3.789259482343049e-05,3.726429846717843e-05,3.737171232511876e-05,3.822878753545691e-05,3.991122178059774e-05,4.256940412243233e-05,4.645582312406305e-05,5.197621918637924e-05,5.9784566824370734e-05,7.096596999253587e-05,8.740977419003055e-05,0.00011263163982829579,0.00015378096707351625,0.0002273249287319125,0.0003794177627011789,0.0007984849714612797,0.0038265901844015495,0.9857785924630752,0.005283337195382216,0.0012559114286641406,0.0005353422523855661,0.00029607614481072937,0.00018969338954168586,0.00013368816563010807,0.00010081128770458083,8.001702177461187e-05,6.615832637220308e-05
2.6457341348945294,0.0008352996074372499,0.0007562909935575194,0.0007007713380887236,0.0006633828334805151,0.000640846369423354,0.0006313123470040889,0.0006340256308231904,0.0006491953762881072,0.0006780299661644382,0.0007229474471507282,0.0007880270196497081,0.0008798553288180098,0.0010090958627992832,0.0011934989365863403,0.0014640216047299432,0.0018782917889969106,0.0025534228979475658,0.0037576272984587524,0.006219789298208837,0.012531964457593739,0.03801189932658785,0.7631153395057145,0.11393443294492157,0.021546894601714005,0.008902733855548321,0.00489484663089871,0.003136216382783991,0.0022142485346408744,0.0016736432335526822,0.001331750698887665,0.0011038643732021733,0.0009464335083405242
2.56713192450027,0.0009990715914476303,0.0009175650839064779,0.0008615010923140897,0.000825781501471209,0.00080740177465306,0.0008048882748865345,0.0008180396181112734,0.0008478912590078823,0.0008968925800048094,0.0009693508405344969,0.0010722883627338074,0.0012170301637404505,0.0014222058078110877,0.0017197179858679022,0.0021674928994898715,0.002879379003690178,0.004104337165081335,0.006475000916956269,0.012015199775317347,0.030462563118859486,0.19686470682298185,0.6454045043153214,0.04618824209423275,0.015474447386364953,0.007751492144382829,0.004709148599046055,0.0032106895655141846,0.002366763334562536,0.0018475557724364645,0.0015080574617445462,0.0012765234206824274,0.0011142702668454636
2.4908649099963984,1.725096565386074e-05,1.610812027585411e-05,1.5325335296504964e-05,1.4843338416547791e-05,1.463062907031107e-05,1.4678685668411572e-05,1.500122443056636e-05,1.5637230866098448e-05,1.665859412716072e-05,1.8184683643566464e-05,2.040890213441758e-05,2.3647833943312432e-05,2.8436532807999428e-05,3.5726555599788626e-05,4.7336798597622536e-05,6.710527283032877e-05,0.00010430615457756421,0.00018610927651591328,0.0004191157623445223,0.0014621320353809077,0.9959287641900129,0.0007819747430800013,0.0002757649233355705,0.00014187321895310715,8.72678298421825e-05,5.9946939378444604e-05,4.442178193901697e-05,3.4807501001851124e-05,2.8482126524624625e-05,2.4137540572672057e-05,2.10639993339271e-05,1.885127384456715e-05
2.4168637149643737,0.0011258587101997271,0.0010616066727487507,0.0010216262071516523,0.0010026078093195302,0.0010030424119247662,0.001022963766440795,0.0010639595600204844,0.001129455302760022,0.0012253587293868252,0.001361278938111775,0.001552778742034628,0.0018256574287030018,0.002224562413243339,0.0028316642658919324,0.003811279990663505,0.005531179214879735,0.008957740453851747,0.017350700193116245,0.048136716935534625,0.5026601872935068,0.30715873589023446,0.04231877980223819,0.016119106368361873,0.008533444245876045,0.0053479752600784705,0.0037206517004356333,0.0027823876584240135,0.0021957990199697915,0.0018079003463794823,0.0015413042816489469,0.0013535933499694305,0.0012200970368930317
2.3450610240921663,0.0001932067266149093,0.00018396671785738238,0.0001787077663585796,0.00017700902235753084,0.00017874280247593416,0.00018405219435441413,0.00019337439425376354,0.00020751699011092707,0.00022781238795607656,0.0002564073576496428,0.00029681014386197973,0.0003549627400592427,0.00044145558751101883,0.0005764721548179482,0.0008022303876089004,0.0012199918933739706,0.002128961620167815,0.004792959689419314,0.02229234821879847,0.9382461353718977,0.01603103432340553,0.004452095353770791,0.00205547430354248,0.0011927923462675325,0.00078947002544568,0.0005698307210034625,0.00043777617430760374,0.000352806508659492,0.00029548935398498506,0.0002555841168785991,0.0002273057971954222,0.00020721680803277223
2.275391521940765,0.000761113559030173,0.0007348107745997975,0.0007234384282281109,0.0007260987221544302,0.0007429991374890483,0.0007754877960544805,0.0008262891185205199,0.0009000136007224447,0.0010041158810553264,0.0011506734132349984,0.0013597986826314411,0.001666572438926055,0.002136269858499147,0.0029013343002872363,0.004263922611071387,0.007038891696820562,0.014083379237083223,0.04172412430527867,0.7249882714902617,0.13574574570271603,0.02511048475346233,0.010330690091222247,0.005667005059163437,0.0036250953868886535,0.0025561474854481595,0.0019300091466018267,0.0015343274274103457,0.0012707305245155678,0.0010886857787449971,0.0009601804061764058,0.0008687891957611556,0.0008045039899389679
2.207791833529884,0.000505475316734144,0.0004931076549785576,0.0004904660506422964,0.0004973357812263228,0.000514251082107567,0.0005425867841881088,0.0005848070024839196,0.0006449531657034227,0.0007295514148361455,0.0008493251905397753,0.0010225764037008224,0.001282321320997647,0.0016927787968618847,0.0023923462052498324,0.003725377574757638,0.006755031779761594,0.016263301750530323,0.08594806193054598,0.8141234122910265,0.03359360380499673,0.010440006491733593,0.005067508267273241,0.0030248948086707204,0.00203900574205353,0.0014909573763466112,0.0011567939754494093,0.0009396697685993238,0.0007922401967051738,0.0006892051295471507,0.0006161237615667108,0.0005643535443015745,0.000528569635883418
2.1422004666888013,0.0004741073093378282,0.00046766242102067154,0.0004702262915025957,0.000481986550585232,0.0005038664740797114,0.0005376881638555796,0.0005865202891651727,0.0006553326522736226,0.000752216201183325,0.0008907314561755406,0.0010947006198010068,0.0014088141317902148,0.001924715670463787,0.0028546075996765696,0.00478320173523204,0.009833149986206161,0.031022654126680684,0.8351838158485294,0.07192492311482683,0.014701440548467573,0.006244729926752014,0.0034839676102548533,0.0022527823734374767,0.0016006930170030258,0.0012156618322131944,0.0009709563781461948,0.0008072784117988878,0.0006939370049871605,0.0006138207882806657,0.0005568539352389403,0.0005168804251399523,0.0004900771058940414
2.078557756119901,0.0006113259493694337,0.0006088256698718183,0.0006184136385576762,0.0006408200394863464,0.0006778369291784824,0.0007326421080331472,0.0008104347656566601,0.0009196158392863886,0.001074008448880605,0.001297226593968668,0.00163187388693257,0.002160782235412466,0.00306253670550271,0.004782918505806474,0.008710599016789394,0.02121757988554098,0.11912181190312743,0.7580117021812944,0.03926900566035462,0.012595778095323454,0.006192139594373879,0.0037201875343868688,0.0025166070547092204,0.0018437468151267851,0.0014318816326126696,0.001163542624761165,0.0009810052133656384,0.0008533023829590648,0.000762708629747272,0.0006985970076051947,0.0006544180847993915,0.0006261253671798661
2.0168058091240364,0.0004272959662590624,0.00042948358091258565,0.00044011985675215234,0.00046008264892898445,0.0004910888985955338,0.0005360154396486214,0.0005994971789208954,0.0006890394175287796,0.0008171664860434214,0.0010058317074403324,0.0012962263570807254,0.0017730016726307735,0.002632987304744752,0.004421896282476631,0.00913833979485317,0.029266441429994548,0.848556223141602,0.06541195121871651,0.013399068668913262,0.005699390433918748,0.003183112082070303,0.0020598433922835143,0.0014644113534116401,0.0011125767075078014,0.0008888180013188522,0.0007390501266896742,0.000635265553746802,0.0005618416932635188,0.0005095756015882994,0.00047284285105266574,0.00044815033536122655,0.0004333648157453637
1.9568884529383395,0.0005428661187706918,0.000550359128451859,0.0005690114463666402,0.0006003699984647533,0.0006472038790836019,0.0007140519882346205,0.0008082336031616735,0.0009417395574190559,0.0011349412184262617,0.0014244110891674865,0.0018810808056077873,0.002657797564587322,0.004135242309635358,0.007491098284654019,0.01805213442861389,0.09811336616230355,0.7920550075523088,0.036422848183417025,0.011458097631732365,0.005586494626488184,0.003342352909755578,0.0022560556098014453,0.001651045203334249,0.001281643272998842,0.0010413660153033232,0.000878069722787971,0.0007638534295235585,0.0006827752735273576,0.0006252864201723618,0.000585499975651438,0.0005597700536084042,0.0005459265366393366
1.8987511836385702,0.0005884801824516088,0.0006028822477896923,0.000630032751066474,0.0006722226576427547,0.0007333105137571887,0.0008195288758163695,0.000940979914684226,0.0011145039619577868,0.0013695095450255168,0.0017607971587829184,0.0023998613502885804,0.0035427213835834736,0.005889474241568137,0.011961411108360279,0.03707485694869612,0.779236409972177,0.10470726280560459,0.01975222606551154,0.008177093808849931,0.004504205654792994,0.0028900405458122344,0.0020426905243288397,0.0015453307733777478,0.001230548308140898,0.0010206194499385707,0.0008755474676332283,0.0007731294241473786,0.0007003342455318209,0.0006492190369526255,0.000614857613891317,0.000594239079631473,0.0005856723822057401
1.8423411165595298,0.0002978475590486244,0.00030729800761903974,0.00032354577745847353,0.00034802639751939786,0.0003831095013341793,0.00043262993831732555,0.0005028870165559678,0.0006046085927153815,0.000757063570324022,0.000997415443528769,0.0014045484276636621,0.0021705713937174315,0.0038746812535711576,0.009041329908067103,0.04403151358060005,0.8932414364158399,0.023051963506162714,0.006787149980539706,0.0032222421743716458,0.0018998169247773135,0.0012702259785169756,0.0009232537141276889,0.0007129170164037785,0.0005767875875854221,0.0004845870040937376,0.00042022853737357194,0.00037456872963967814,0.00034215042844661396,0.00031961487490472735,0.0003048792023610943,0.0002966942476334665,0.00029440730918164394
1.7876069381884359,0.0009074906935343773,0.0009457747040732278,0.0010062033570411117,0.0010942332568602607,0.0012186989135881,0.0013938927109474054,0.001643534008484815,0.002008774576369907,0.002565623574005474,0.003466860668579784,0.005057222875145131,0.008254998324039876,0.016231914059425614,0.046748535738608626,0.6057915787214837,0.22411683882237604,0.03471712502329725,0.013596583315580104,0.007291968497619067,0.004604874199540835,0.003220036037971678,0.002416998889338326,0.0019129923792776823,0.0015788215806883774,0.0013487745764142094,0.0011866886136204743,0.0010714721201009433,0.000990318872554571,0.0009352925297373462,0.0009015191462160486,0.0008862095487077352,0.0008881496647720657
1.734498859487503,2.7850841733360617e-05,2.931154738490974e-05,3.15222093173492e-05,3.4697753032728055e-05,3.9184738677734366e-05,4.554274641024344e-05,5.469964563802946e-05,6.827577604967125e-05,8.933262277525397e-05,0.0001242873524403037,0.00018848799130534506,0.00032631309593735794,0.0007156236946296072,0.002895735466278457,0.9905865453510957,0.0028436582300210385,0.0007443950444982212,0.0003357707232944352,0.00019200611068243405,0.00012562867866934847,8.978388145680486e-05,6.837082578695348e-05,5.466682322317128e-05,4.5467820056962674e-05,3.9093886384705285e-05,3.459957969303423e-05,3.142437136212691e-05,2.9224178523743934e-05,2.778487502265184e-05,2.6976084910332153e-05,2.6726453108078653e-05,2.7011600599404702e-05
1.6829685706032524,0.0010529420028273135,0.0011160908478035304,0.0012089313581383054,0.001340607267057928,0.0015259074840751768,0.0017892996251264552,0.002173009230918557,0.0027544047626810015,0.0036871309970194625,0.005311607942001268,0.008509154845520108,0.016181746132364175,0.043104589107065786,0.3478607118579693,0.46104517922647403,0.048363325956888616,0.017389434746873596,0.008977314567816605,0.0055462091273570675,0.0038224551202672204,0.0028392590234602817,0.0022291235365367954,0.001827757220817447,0.0015528977966454628,0.0013597968793858475,0.0012225747331428534,0.0011256028946444606,0.0010592120092502472,0.001017435534211459,0.0009967901841894536,0.000995631249520629,0.001013866731948775
1.6329691969213784,0.00017757242903113996,0.00018974624344892754,0.00020748669172962331,0.00023270155058069953,0.00026848456947592083,0.00032001911694658604,0.0003964411703234088,0.000514988633029228,0.0007113027311922643,0.0010691491695037163,0.001826120792978169,0.003892616640287769,0.013529278900621496,0.9438456089425119,0.02078236548798178,0.004721311192443349,0.0020772232027210596,0.0011814200810973728,0.0007735513571436448,0.0005545139215818215,0.000423849320282334,0.0003401253545911038,0.00028373720995024913,0.0002444506951421755,0.00021652170316301624,0.00019655072413409249,0.00018245371510995368,0.00017293505035200646,0.0001672057239483801,0.0001648314282251228,0.00016565656194064143,0.00016977968853061146
1.5844552564271734,0.0005604959350592796,0.0006043582759885422,0.0006669181846656664,0.0007550109896092592,0.0008798399811143183,0.0010604574600237178,0.0013311062965906191,0.001758232148251087,0.0024849912854271886,0.0038681033989429224,0.007012565764397072,0.016935457964638745,0.09318989221454282,0.8031016985156098,0.03489902339240133,0.010818739217435527,0.0052455476367247135,0.003129659561134811,0.0021090918812584217,0.0015419348402419368,0.001196156965522647,0.0009714865294786116,0.0008189231140777314,0.0007122875604340491,0.0006366393209031704,0.0005830377186370069,0.0005459751242605591,0.0005220429424462623,0.0005092137453054121,0.0005064577755815552,0.0005135617016900487,0.0005310925576053952
1.5373826183327406,0.000920680651089001,0.0010024620637050204,0.0011184382654035334,0.0012821520827712473,0.001516136185525075,0.0018596077767288053,0.00238525854185709,0.0032397632624242916,0.00475575176466608,0.00782677206205878,0.01558761417717153,0.04616990476285654,0.6375302649045964,0.20253279733159896,0.03143713574552686,0.012371693351186647,0.006658608527274177,0.00421497181030336,0.002951999439622008,0.0022179096241366977,0.0017562447204634978,0.0014495829439115503,0.0012380949547449198,0.0010888082910591856,0.0009824717378027212,0.0009073898200415683,0.0008563160512230387,0.0008248077328114645,0.0008103364049500766,0.0008118255955970751,0.0008294638070172791,0.0008647356098757725
1.4917084629333415,1.4045379830453873e-06,1.5290548594599257e-06,1.7045167634133733e-06,1.950820805754104e-06,2.30076216300597e-06,2.8106708700377464e-06,3.582938494301624e-06,4.817807085576845e-06,6.944422653358195e-06,1.0983692213962157e-05,1.9397224175154633e-05,2.87032552766799e-05,0.9996869792414695,0.00013227664777711251,3.6736647246805816e-05,1.6407781401253917e-05,9.277635988588902e-06,6.021142590506154e-06,4.279756501972592e-06,3.2472398884662974e-06,2.5897766584233737e-06,2.149583665542127e-06,1.8445343082467153e-06,1.6286870165473712e-06,1.47493003766457e-06,1.3666670450094332e-06,1.2935643130081478e-06,1.2492744197778476e-06,1.2301976322398742e-06,1.2348384956169797e-06,1.2635514245853455e-06,1.3185987749409369e-06
1.4473912426563849,0.0009728069389099917,0.0010761018789353172,0.001221400100948663,0.0014275174623889773,0.0017267752944342422,0.002178006625125338,0.002896962454284686,0.004136729335670021,0.006540688186664571,0.012174428679974647,0.03107018626912741,0.20313014764610862,0.6385643416504945,0.045859330034622336,0.015417551546785284,0.007741021863517958,0.004710033281030299,0.0032146694223326674,0.002371438614132709,0.0018521685077998898,0.0015123815393976313,0.0012805186887153005,0.0011179624376341146,0.0010025079126061113,0.0009207977952617356,0.0008645817119267755,0.0008287595058843073,0.0008103251240389447,0.0008078047843753672,0.0008209988863430518,0.0008509473613252218,0.0009001084592031201
1.404390644267605,0.0008047390206023307,0.0008985084809951359,0.0010306053670873702,0.0012192733981935546,0.0014963447471206866,0.001921049768779257,0.0026135932252710227,0.003848862730646808,0.006374211223089736,0.01286381011075118,0.039448129214680494,0.74421243890828,0.1283484618169742,0.022808187582354575,0.009275155779112313,0.005066228731837518,0.0032346668781019212,0.0022787763944580658,0.0017198259994159633,0.0013669757568319362,0.0011320787024687948,0.0009699413527031254,0.0008555439490583103,0.0007742307462977234,0.0007170792626885476,0.0006785570896224623,0.0006552778586940644,0.0006453286396803838,0.0006479226999439297,0.0006632640306207285,0.0006925822293932661,0.000738348304244145
1.36266755220006,2.046336892811622e-05,2.3006114279391617e-05,2.6596195572182297e-05,3.1761873085728494e-05,3.943887174869432e-05,5.139699957160999e-05,7.130647411453131e-05,0.00010785140112260744,0.00018610784662781798,0.0004079271635733371,0.0017090654489194499,0.9942869350701846,0.0018348657901000427,0.00045835982651243015,0.00020306215203301652,0.00011515679991965591,7.504517473095172e-05,5.3541271275463614e-05,4.075622477993801e-05,3.2599197299096234e-05,2.7133262947250202e-05,2.334791941904443e-05,2.0676804382627516e-05,1.8785414409221034e-05,1.7469236343066474e-05,1.6601569306979708e-05,1.6105602256416435e-05,1.5939300684696374e-05,1.6087747840008825e-05,1.656054168478599e-05,1.7393561352514647e-05,1.8655774994774268e-05
1.3221840129725901,0.0011043981360028003,0.0012533867059224691,0.001464770903271744,0.0017716063569368555,0.002233921388839539,0.002969569676924009,0.004235850477502436,0.006686117181854647,0.012409319856906497,0.031445379447140535,0.2066398802250604,0.6313214108273604,0.04709665689148848,0.015869118507257238,0.007966728454056413,0.004845695794642507,0.003306266972844787,0.002438441655677638,0.0019041628890587342,0.0015546249953456482,0.0013161417672068125,0.0011489563657069422,0.0010302128529117202,0.0009461637506743146,0.000888317680805398,0.0008514244856736275,0.0008323878633171673,0.0008296869916614668,0.0008431109460960495,0.0008737232329927617,0.0009240459865759406,0.000998520732284538
1.28290320066537,0.0009925837360533591,0.0011380680781449912,0.0013458486586874173,0.001650908942805428,0.002118240983641987,0.0028794367562807403,0.004234428564855618,0.00699497773558113,0.014048975242246142,0.04256220323990225,0.7091100654921331,0.15047541802172248,0.02577241298843726,0.010396199610960118,0.005658304168947353,0.0036052372719721213,0.0025363333822277932,0.0019122724790129508,0.0015187381090976824,0.0012569486875432757,0.00107633462830069,0.0009489307999999229,0.0008583690829803828,0.0007946892983131758,0.0007517161305706624,0.0007256673518440134,0.0007144013281351318,0.0007170279168277144,0.00073375529177933,0.0007659258797162656,0.0008162523670236837,0.000889327774255546
1.2447893834211492,1.3083800769227056e-06,1.4847428772950747e-06,1.7481524637933068e-06,2.1532566180214733e-06,2.806520520433732e-06,3.942931840634414e-06,6.170355921560439e-06,1.1418907959998292e-05,2.7985807617597053e-05,0.00011638550832398447,0.9997068592845997,5.7127610145345384e-05,1.8522880483753395e-05,9.548131805008388e-06,5.909345672904249e-06,4.081108858351572e-06,3.0368025004889104e-06,2.386904508018056e-06,1.9574475039668027e-06,1.6613591304614109e-06,1.4512310562354372e-06,1.2995499664509603e-06,1.1895610664912694e-06,1.1107073883619443e-06,1.0562146252852531e-06,1.0217616344382776e-06,1.0047476673278216e-06,1.0039291452269135e-06,1.0193338124671914e-06,1.052442110984906e-06,1.1066876922043875e-06,1.1883944053730395e-06
1.2078078909417056,0.0009067916438553987,0.0010571145152236197,0.0012746892138170093,0.0016010418590985812,0.002116945728449535,0.0029966550103488355,0.004675251058235657,0.008509266368829954,0.020741816397705233,0.1182868495022467,0.7601127590500858,0.039278412493565514,0.012510376247699092,0.006133940754088873,0.0036822464261938442,0.002491272600899949,0.00182641623765572,0.001419821867846585,0.001155061483141135,0.000975002353684409,0.0008490261249019785,0.0007596183978649004,0.0006962809749794461,0.000652540610668457,0.0006243911989062527,0.0006094545096585605,0.0006065320846548647,0.0006153946900283012,0.0006367432856374376,0.0006723297584724942,0.0007252743301334656,0.000800683221422229
1.1719250829499523,0.0014720773635347724,0.0017338851361266042,0.002116738954615711,0.0026998798412686733,0.0036423334898909748,0.005301703326777279,0.008624713905377666,0.016859676187714005,0.047983281276864694,0.5312875022588447,0.28699466338406115,0.039293748738261594,0.014986463210007333,0.007949888344640083,0.004990449650033218,0.0034763055671029595,0.0026022187886028864,0.0020552349091517153,0.001693278722937111,0.0014444063121273668,0.0012691502280109692,0.001144542319038412,0.0010566556105479992,0.00099686159808041,0.0009598533785210023,0.0009425768613314363,0.0009436719104101401,0.0009632382231873056,0.0010028537793146564,0.001065851096976396,0.001157936401572798,0.001288359225068103
1.1371083185890032,0.00031809078773647537,0.0003784569066931544,0.000467627058996167,0.0006054863101145061,0.0008330910841420291,0.0012466233525170501,0.0021168872202879945,0.004470762506427192,0.015337192891698085,0.9327722714712928,0.026087182005310912,0.005753443553980011,0.002492259482947113,0.0014039969977826818,0.0009132736691428392,0.0006515993830065949,0.0004963933590993998,0.00039744621394614555,0.0003311246277249504,0.00028514332614161764,0.0002526310290087404,0.00022953317598832819,0.00021337056382601528,0.00020260546524601965,0.00019630333746083217,0.0001939502448352417,0.0001953605371125776,0.00020064498387196668,0.00021022966835664212,0.0002249313428086974,0.0002461130835664922,0.00027597435893046294
1.1033259267303595,0.0002493629794933534,0.0002987833817848794,0.00037241364892551916,0.0004876835007323501,0.0006813378207260098,0.0010422460603577762,0.0018361785743475569,0.00419535826577669,0.01914762768670771,0.9484873870530452,0.012773025440336249,0.0035696581665218114,0.00166175701980049,0.0009699880478740466,0.0006446967136648391,0.0004667932030796926,0.00035949583886105276,0.0002902996267589424,0.00024355125755581188,0.00021097763418077392,0.00018789473040483994,0.00017151482053001088,0.00016012513823994635,0.0001526639077147693,0.00014849280440916774,0.00014727466457222386,0.0001489136546612491,0.00015353889475470419,0.00016152658856165931,0.00017356740164284175,0.0001908008211768252,0.0002150646528010587
1.0705471771642179,0.0015746564238213788,0.0019119254776482765,0.0024211573546396078,0.00323226720051558,0.004629684038979913,0.007344418118910045,0.01375547735079622,0.0355541588028956,0.2435888288323543,0.5845239320138524,0.04738462512145392,0.016323322767806712,0.008283605160408481,0.005070415740457836,0.003473841818091794,0.002569254020806383,0.002010271632938478,0.0016435190753665188,0.0013927138046527228,0.0012165629890189098,0.0010912716510849492,0.0010025072883687758,0.0009414154187544464,0.0009025311131016887,0.0008826511794192247,0.0008802364476823845,0.0008951431979931159,0.0009286009732708518,0.000983430353199569,0.0010645671524473067,0.0011800648614981174,0.0013429426177646113
1.0387422526456789,0.0014800775940663777,0.0018121200574633377,0.002320049113107448,0.003145869476214059,0.00461245465360226,0.0075897410445940495,0.015143746656114227,0.04520717469281075,0.6529372972485229,0.19174604364211031,0.030230729640941697,0.011931110127146448,0.006429785863468411,0.004073703770423892,0.002855335515725386,0.002147098687521411,0.0017017918576228111,0.0014061541554371843,0.0012024501908622304,0.0010588512718182111,0.0009567690276512001,0.0008849073493840373,0.0008362641452985295,0.0008065431980451405,0.0007932953374861737,0.000795472142509742,0.0008132454086354628,0.0008480372018692661,0.0009027699216915194,0.000982415025395553,0.0010950277897462516,0.0012536681927144847
1.0078822217714445,0.0002073184091601609,0.0002564934189988782,0.0003327155333092419,0.00045898595522693946,0.000689508496036023,0.0011787103796291438,0.002524877480919582,0.008989231480294907,0.9640114919275887,0.012985988533158787,0.0030080201621526664,0.0013250151852033203,0.00075268186243294,0.0004920034768836805,0.0003521467584163601,0.00026885959274293816,0.00021561502992105197,0.00017985730405230353,0.00015503294814306158,0.00013746540180085666,0.00012498036285868175,0.00011624630038428709,0.00011043673962145425,0.00010704968905176347,0.00010581014563768157,0.00010662096432984194,0.00010954633222303029,0.00011482286903476539,0.00012290176359625973,0.0001345354025267275,0.00015093888833660288,0.00017409120632733846
0.9779390126623134,0.0003510082634502995,0.00043899375544506874,0.0005766703658570028,0.000808260425162352,0.0012424238937028876,0.0022072791360304932,0.005104154239983429,0.023293921108105714,0.9398149748183634,0.014005114730278838,0.004001912564995179,0.0018837037160268728,0.00110645480167424,0.0007382556719548461,0.0005358783040264769,0.00041338349949572627,0.00033417612452047015,0.00028055596626111223,0.00024313691288712792,0.0002165916193396197,0.000197744388149497,0.00018464317735775296,0.00017607964770598256,0.00017133141332324167,0.00017002379168354153,0.00017206286562514817,0.0001776186729337672,0.00018715357150561767,0.00020150461198425833,0.00022204643920166792,0.00025099180374261597,0.0002919496992253402
0.9488853874275534,0.001793142378945096,0.0022639124786040807,0.003013530123298432,0.004305102601144959,0.006808722408674322,0.01267940354363656,0.03237814806780517,0.2133696854642999,0.6237785944496294,0.046498070288479,0.015744689020311238,0.007929551830737885,0.004833068697210513,0.0033024383367193603,0.002438283544230995,0.0019057059650390577,0.0015570271933121743,0.0013190198369525863,0.0011521339063643918,0.0010336154993401323,0.000949772591206628,0.0008921480718505049,0.0008555171194613239,0.0008368066289694215,0.0008345215387140991,0.0008484836404228446,0.0008798015132909781,0.0009310626139694018,0.0010068066632341205,0.0011144365934163713,0.0012659040293120974,0.001480893361416409
0.9206949173879052,0.0020373792700471155,0.0025987312509742665,0.0035055924207528467,0.0051041400009831945,0.008319708758206862,0.016359325920913107,0.047252495079008396,0.5658950788633921,0.25967877268027334,0.03684528384762339,0.014139168194058459,0.0075193088356345856,0.004726963729430569,0.0032961249094489264,0.002469408349633003,0.0019518163910724837,0.0016092419729604483,0.0013737152029402611,0.0012079279150108537,0.001090163116326942,0.001007254148289056,0.0009510494803165554,0.0009165450761303025,0.000900875013084822,0.0009027845163889857,0.000922410640212199,0.0009613027775301652,0.0010226888079122674,0.00111206922895825,0.0012383394165041998,0.0014158685313570602,0.0016684656546245664
0.89334195903469,0.0007081503030031879,0.0009149103811439278,0.0012552080733399867,0.001870753307356767,0.0031579135514253395,0.006602123018305401,0.022134598587013735,0.893621873661268,0.044511221878729364,0.009239797874849388,0.0039309435194097506,0.002195403740608096,0.001420741791651352,0.001010157003437126,0.0007675936841939406,0.0006133757237308901,0.0005102018825815399,0.00043875748313297575,0.0003882706493471977,0.00035239817924276063,0.0003272661555185358,0.0003104719953927325,0.0003005526426606034,0.0002966974037434125,0.0002986018782303913,0.00030641565282811236,0.00032076781769615234,0.00034287800649555954,0.00037478800028783093,0.00041979406155240686,0.00048325081455708206,0.0005741212772660672
0.8668016307031498,1.8998795519093664e-05,2.4699885993443757e-05,3.422801056153596e-05,5.1858356983736826e-05,8.988752158102539e-05,0.00019720464205847036,0.0008159139524169522,0.9971972044383568,0.0009258827502055816,0.0002275281137520443,0.00010022702561205775,5.673896448447918e-05,3.697402123454028e-05,2.6398128481227932e-05,2.0114360603756573e-05,1.6104452077528526e-05,1.3415131526504746e-05,1.154982463125881e-05,1.0230418660202064e-05,9.292656475839623e-06,8.636033819073144e-06,8.19817800201847e-06,7.941161378194091e-06,7.844112223655597e-06,7.899483017843672e-06,8.111777261431574e-06,8.498354001936291e-06,9.09256482768803e-06,9.950240147862528e-06,1.1161831010157584e-05,1.2875146356591659e-05,1.5339666737519748e-05
0.8410497899387973,0.0011771717249140765,0.0015546193372083321,0.0021969029432619617,0.0034179251882087204,0.0061880813789055664,0.014891715795605456,0.07870487052892937,0.8295356608460327,0.031025305221159143,0.009555829305887085,0.004631210380042908,0.0027640604184428707,0.001863533760527525,0.0013629798613219498,0.0010577264740849982,0.0008593374106163616,0.0007245924123501495,0.0006303966712641365,0.0005635674562716685,0.0005162146044853205,0.0004834768797909856,0.00046234535598784084,0.0004510301217545698,0.00044862184249038433,0.0004549316483109882,0.0004704589778373655,0.0004964776913808937,0.0005352668083289019,0.0005905611308557947,0.000668385690746127,0.0007786252485767972,0.0009381168844187883
0.8160630115361928,0.0026397650310051434,0.0035295848170725733,0.00507371589209295,0.00809949705918664,0.015323071086712145,0.04048263713463775,0.3077175696462652,0.5080335994501619,0.048043990384409874,0.016966908567822243,0.008699871427836356,0.005356434529142819,0.0036842560114928964,0.0027330595408607684,0.0021438226396378064,0.0017566696738485037,0.0014917647959220954,0.0013057634977841658,0.001173633533114665,0.0010802738861990205,0.0010163481788136343,0.0009760974710418207,0.0009561591978758481,0.0009549430596606501,0.0009723539020655961,0.0010097755726108883,0.00107031091485592,0.0011593519300946477,0.0012856695307431189,0.0014634301151504165,0.001716016982130823,0.00208365453975067
0.7918185662301651,0.0024144548456506657,0.0032663158027197063,0.004773465171279013,0.0078225305868677,0.015526839112398636,0.045833924821079355,0.6266619296933459,0.2116393244720963,0.03243183862983419,0.012690660691465334,0.006810597907238556,0.004304008356234792,0.0030114271594417854,0.002261443338558032,0.0017905002032871534,0.0014781293329580302,0.0012630272130098202,0.001111441660709341,0.0010036795309525481,0.0009277804979722765,0.0008763318343396743,0.0008447824446249012,0.0008305311597923618,0.0008324521286550894,0.000850700904370378,0.0008867417701379319,0.0009436045666962313,0.0010264507563022566,0.0011436391329349297,0.0013086961343601303,0.001544067966154565,0.0018886821745323263
0.7682944000200991,0.0008682254537215825,0.0011906254482979025,0.001774195635470382,0.00299535712120272,0.006267006470346079,0.02104204062295221,0.8991697014077903,0.04205271644820712,0.008767986956775475,0.0037337175262707064,0.0020864401118906983,0.001350811681088698,0.0009607753090843094,0.000730285242806429,0.0005837086229301427,0.0004856278710334306,0.0004176995614084855,0.00036969143083724143,0.0003355769009803038,0.00031167470975467844,0.00029570120395155746,0.00028626516646263953,0.00028259488809153754,0.00028439913252245185,0.0002918169880316036,0.00030544137171580857,0.00032642337478440626,0.00035669061449437,0.0003993557624499427,0.0004594779398882807,0.0005455340098043752,0.0006724350149542565
0.745469114108475,7.747893636710436e-07,1.0069590573082422e-06,1.3820360892685431e-06,2.023399870403509e-06,3.1335091710746897e-06,8.622306567021092e-06,0.9998939462508958,5.73783161007378e-05,1.2649708146073492e-05,5.124983865294078e-06,2.7410585348343783e-06,1.7148651843152712e-06,1.187075555349622e-06,8.825552416061381e-07,6.924182235240316e-07,5.668828006706169e-07,4.806870403830398e-07,4.1997190088249306e-07,3.766746254633637e-07,3.459020345237538e-07,3.2460935763870047e-07,3.108999792265394e-07,3.036431720559487e-07,3.0226799334291255e-07,3.0666565906523843e-07,3.1717083293559636e-07,3.3461613299484603e-07,3.6047526713858676e-07,3.9713806497769984e-07,4.4840901440719494e-07,5.204174752807742e-07,6.233367827158477e-07
0.7233219454354168,0.0009894488260539425,0.0013919799366758966,0.002151970424359419,0.0038569091733394573,0.009090983436535718,0.04456940084597745,0.8944886857597455,0.021947566625653656,0.006491061582080617,0.0030976038087872654,0.0018335444562424148,0.0012297393231809359,0.0008961380783708366,0.0006935237416296461,0.0005622126813224416,0.00047319816250302805,0.00041104359604282647,0.00036696407452265265,0.0003357124349410037,0.00031405901481733247,0.0003000034754471038,0.00029235100715590076,0.00029048533314134675,0.00029425988718781665,0.0003039728053946053,0.00032041818055177497,0.00034502920918548865,0.0003801596448002649,0.0004296051208522923,0.0004995816594796985,0.0006006475090442232,0.0007517401849770427
0.70183274779154,0.00287827420448982,0.004106430935012514,0.006482285444021987,0.01203494738971815,0.030544773569393904,0.19652228570869365,0.6467658485205996,0.045536885044202766,0.015281266400786309,0.0076675870473983596,0.004663826939437855,0.003182626895838098,0.0023476722015611045,0.0018336319069274132,0.00149733681249265,0.0012678985647464121,0.0011070716913050387,0.0009928703189195753,0.0009120718410630573,0.0008565113008469019,0.000821143579118566,0.0008029980492265612,0.0008006232039523739,0.0008138327130179774,0.0008436736867862674,0.0008926075865936633,0.0009649593103497115,0.001067782303136755,0.0012124589432754367,0.001417722403840009,0.0017156521806975208,0.002164443302549813
0.680981973491918,0.003740757556379997,0.0054182265408519665,0.00875263882494112,0.016913952694479872,0.0468530562971788,0.44423416411062605,0.36633532170414157,0.044043423405433255,0.016308600955291627,0.008537388552641545,0.0053187423443896206,0.0036867155627296334,0.0027500972506433663,0.0021663668056236454,0.0017812134386060846,0.0015169320109216131,0.001331072445169851,0.0011990078473119318,0.0011058376987349203,0.0010423399216386495,0.001002838143286788,0.000984049245754804,0.0009844782134033518,0.0010041584716729275,0.0010446574782685357,0.0011093492214181106,0.0012040379642808624,0.0013381420900024227,0.0015268855318520188,0.0017954650401335425,0.002187411568820144,0.002782671063371506
0.6607506555944971,0.002736312789238425,0.0040258921498716954,0.00666436863953685,0.013451426406031098,0.04128471720698794,0.7171966173287077,0.1478721436773367,0.02484689169493836,0.009960791390145184,0.005407777994530716,0.0034413779643878493,0.0024194243176955204,0.0018234130774941158,0.0014478249903660475,0.0011980888233123052,0.001025844814046273,0.0009043711299637932,0.0008180361784906992,0.0007573315412946951,0.000716363068797449,0.000691520375011224,0.0006807576070022967,0.000683221341039625,0.0006991035236469722,0.0007296743968568199,0.0007775053043521165,0.0008469509828345647,0.0009450556928196216,0.001083234460261301,0.001280496986646984,0.0015700003240086188,0.0020134638223464553
0.6411203906467858,0.0009205808188755593,0.0013759952452610832,0.00233402035817024,0.004924255506309745,0.0169317362296669,0.9231138445088823,0.030998132423640298,0.006619764114364167,0.0028353267260838263,0.0015882392612277738,0.0010295637362811236,0.0007328407345651458,0.0005573129002458302,0.00044561605317399594,0.0003708443392912332,0.00031904747605378806,0.00028243792117534105,0.0002564267799373302,0.00023821042351362154,0.00022605000544752258,0.000218887329274078,0.00021613746301770014,0.00021758346166624265,0.00022333913222149745,0.0002338685108627026,0.0002500679602488617,0.0002734368891546236,0.0003063964614801749,0.0003528829651187052,0.0004194944006194789,0.0005178450959086836,0.0006698147682604873
0.6220733219451237,2.3232126774356729e-07,3.7647283999969455e-07,7.608958020631154e-07,2.0996247769878575e-06,8.668345745569716e-06,0.9999815387597909,2.257178289806533e-06,1.101424330875492e-06,5.846300477272383e-07,3.563628766432828e-07,2.4057685021934517e-07,1.7501460811592934e-07,1.3477325746626926e-07,1.0857152758520688e-07,9.076407921476908e-08,7.829708704289638e-08,6.941543303754998e-08,6.306321509268448e-08,5.858535066555623e-08,5.557064846074801e-08,5.3766195036439244e-08,5.3030348959437076e-08,5.33086065259841e-08,5.462506895308622e-08,5.7087229155337436e-08,6.090586005704681e-08,6.643695947163518e-08,7.42620891618256e-08,8.534428090849915e-08,1.0134968022318056e-07,1.2537834303071447e-07,1.6385751334806462e-07
0.6035921232913006,0.0009053945720832207,0.0013953022795203157,0.0024875429618371673,0.005796469920583706,0.027154031246461763,0.9318184192027887,0.015410984881459911,0.004418665259147507,0.0020847666398471666,0.0012266949974238388,0.0008196839144173755,0.0005957874612007915,0.0004601987626496438,0.00037250336971130117,0.0003131378998944372,0.0002717217315811267,0.0002423600502686551,0.0002215372266996068,0.00020709109487648095,0.00019768217042814428,0.0001925085098377918,0.0001911528134953659,0.00019350858095260756,0.0001997619378406272,0.00021042364569306962,0.00022642105987193738,0.0002492798055733961,0.0002814605446688144,0.00032699068482982765,0.00039270343214716094,0.000490835546219845,0.0006449777959883293
0.585659983231751,0.0030734700495695603,0.0048119087584881865,0.008808870027691302,0.021697867195861156,0.12456302180682223,0.7525388279993803,0.03883035301269417,0.012453842053763493,0.006134866855493911,0.003694079171307837,0.0025046275548314357,0.0018391317388865875,0.0014314898529116395,0.0011657394615851501,0.0009848627299008392,0.00085825537843197,0.0007683904408867278,0.0007047538083200983,0.0006608604037726261,0.000632698801428608,0.0006178930935640726,0.0006152560394448703,0.0006245806553320209,0.0006466049410741973,0.0006831391101806961,0.000737394265735318,0.0008146200709715905,0.0009232846689914828,0.0010772972312216515,0.0013004000618287476,0.001635472604383889,0.002166140155243375
0.568260589764986,0.0049844464390396016,0.007950810114727572,0.015031252496093545,0.03969875959789729,0.29819293378087813,0.520160417036003,0.04773106235686124,0.01676885514958759,0.008582668824227434,0.005279664838259596,0.003629649689372621,0.0026917005548083733,0.0021109189349152752,0.0017294280676699698,0.0014684444178643741,0.001285215268579407,0.001155058412942403,0.0010630872523416715,0.0010000988676094483,0.0009604161912846696,0.0009407229642298077,0.0009394479817905502,0.0009564913659099282,0.0009932079489552716,0.0010526429657577506,0.0011400930813072853,0.0012641795066616042,0.0014388338048988364,0.0016870567006132427,0.0020483988447016913,0.002594959765349529,0.0034690767788615575
0.5513781155033556,0.005294717469703751,0.008603393993421516,0.01679174728725941,0.04763697433949897,0.5146795501574377,0.3028010603161501,0.04015410867026472,0.015181736672048843,0.008021813559177082,0.005024387991133704,0.003494997275805027,0.0026137044654384496,0.0020629162244581154,0.0016987870343759205,0.0014486012482800151,0.0012725202032662058,0.0011473832135374129,0.0010591573948101085,0.000999153191780638,0.0009620270598107981,0.0009447018793436773,0.0009458018306516085,0.0009654140950197997,0.0010051039848666926,0.0010681881730764116,0.0011603510424600815,0.0012908119024904433,0.0014744877534616262,0.00173611551301274,0.0021185481468833597,0.0027007582770764166,0.003640979633998714
0.5349972032756377,0.0038806571624141494,0.006426703708330331,0.012984037446727208,0.04004786344733301,0.7337416062369349,0.13676376209450075,0.023482778475851698,0.00946374423869004,0.005150104433781156,0.003281844641601952,0.0023093085486134667,0.001741519037620271,0.0013834586843238326,0.001145260707567292,0.0009809239041777074,0.0008650106859648071,0.0007826329821944202,0.0007247321221820343,0.0006856930903437792,0.0006620788849962131,0.0006519464803353558,0.0006544935073492598,0.0006699198224863077,0.0006994615524015624,0.0007456078723854499,0.0008125683587434674,0.0009071504252185366,0.0010403871183083159,0.0012306570059127976,0.0015100167711005648,0.0019381030149029806,0.002635967536706525
0.5191029521573604,0.0016893477322215543,0.002852406432983107,0.005971284221043455,0.02017283221584477,0.9037602181961188,0.04015712698145321,0.008357750927262913,0.0035534598979991313,0.001983856901668675,0.0012835883876357028,0.0009125371300023363,0.0006933661055743999,0.0005540350882627087,0.00046082687567724925,0.00039628588261919617,0.0003506783108668317,0.0003182727484587514,0.0002955690991877251,0.0002803966659414799,0.00027143356032146123,0.0002679472022815865,0.0002696623097956411,0.00027671359451588774,0.00028966874558311237,0.00030962864136243603,0.0003384364190035417,0.00037906778302502706,0.0004363568048145412,0.0005183955763821376,0.0006394005056832578,0.0008260793155675597,0.0011333697408416827
0.5036809039161524,0.00016674020214789867,0.00028732803255455275,0.0006261911901574894,0.002354695521281972,0.9916969879802863,0.002688436955837847,0.0006569945413373177,0.0002949357910503948,0.00016931868335776106,0.00011145914197704856,8.018963837721597e-05,6.147312713483957e-05,4.94644034751159e-05,4.137940520267381e-05,3.5758078043203206e-05,3.177838451153641e-05,2.8952975828448533e-05,2.6983070669316802e-05,2.5683411245682617e-05,2.4942093986656517e-05,2.469894077883883e-05,2.4934756295047332e-05,2.5668031647832537e-05,2.695809115425927e-05,2.8915629209074058e-05,3.172398759748746e-05,3.567864300440067e-05,4.1260803410284814e-05,4.928018373947517e-05,6.116981601389575e-05,7.96475530872312e-05,0.0001103709355984963
0.4887170298597871,0.00031743966768397244,0.0005545361239701495,0.0012444965937436765,0.005289835143159543,0.9841712026961575,0.004430621533751468,0.001173679232955215,0.0005364408979906434,0.0003102646111672902,0.00020506985631714596,0.0001479179754202393,0.00011359835622110981,9.153163399009222e-05,7.6653936609652e-05,6.630060602984065e-05,5.896780668706579e-05,5.3762520431936856e-05,5.0136749952360835e-05,4.775070860377176e-05,4.639950171253777e-05,4.597367260406395e-05,4.6439719232617935e-05,4.783436616317788e-05,5.027085770029772e-05,5.395918321861746e-05,5.924671565877641e-05,6.669366811093952e-05,7.72141161968421e-05,9.235079210763664e-05,0.00011484611671523732,0.0001499354805632605,0.0002086291591732541
0.474197718074959,0.0022220965334815972,0.003992371381040316,0.009450273780968986,0.04666514319170756,0.8908887358480336,0.022321948065541275,0.00661885381502088,0.003163343650479992,0.0018742584359865983,0.0012578964637016158,0.0009171254458761054,0.0007100550511009326,0.0005758087704617481,0.0004847826015227433,0.0004212148619797157,0.00037613252656402036,0.00034417484704793775,0.0003220420173713964,0.0003076906705475631,0.00029990129456975643,0.0002980466529278664,0.0003019810432673239,0.0003120154351073549,0.00032897097841768486,0.0003543272185338618,0.0003905131519365884,0.0004414463745938472,0.0005135456467722269,0.0006177214276630476,0.0007735621625522172,0.0010189633545854102,0.00143505730063821
0.46010976104518303,0.005051379877621377,0.009284150403864976,0.02304059024941311,0.13460448500455308,0.7375659009180321,0.03983744306091918,0.012856349975745125,0.006349740656216636,0.003829102702664895,0.0025986801004237977,0.001909518328119324,0.001487068224623119,0.0012115219642731695,0.0010239126010067167,0.0008925663650391763,0.0007993339792699982,0.0007333241131535512,0.00068781809753685,0.0006586609503930716,0.0006433942752286064,0.0006407942736444002,0.0006506570148722436,0.0006737637159793618,0.0007120155790551639,0.0007687795213523295,0.0008495581661479039,0.000963229847259476,0.0011243862835707726,0.0013579580984898233,0.00170903043914267,0.002265693737709843,0.003219191474677813
0.446440343636556,0.007584565173346816,0.014253956274040958,0.03715918347869665,0.26699010933160544,0.5568082492851455,0.04778751510641304,0.01656785331396555,0.008429441201262716,0.005167550064420018,0.0035444390800741504,0.00262414023673539,0.0020552939506487825,0.0016821066822510899,0.001427018792036535,0.0012480163043512896,0.0011208752149758085,0.0010309979887538285,0.0009693634199767306,0.0009304034642734788,0.0009108571506042181,0.0009091637601293304,0.0009251904566720585,0.0009602096679744095,0.0010171194066973402,0.0011009743499909407,0.0012200035051606964,0.001387492979022008,0.0016253490197336833,0.0019711923932374618,0.0024935392024730586,0.003327525658621047,0.00477030408670962
0.433177031440448,0.008689879533824534,0.0167449415964942,0.04619643371183827,0.43148331584559435,0.37935973318379995,0.0445783201259663,0.016412552991077273,0.008571271843506218,0.00533299944357489,0.003693630216202066,0.00275371800390028,0.0021683107859321355,0.001782217612199442,0.0015173651289827372,0.0013311313543208345,0.0011988016447435333,0.001105426938421672,0.001041755949758188,0.001002092834010854,0.0009831396224403842,0.000983387940087571,0.0010028569693966412,0.00104309665490326,0.001107457094025548,0.0012017074522901888,0.0013352114158393653,0.0015231027415234456,0.0017904198436920755,0.0021803932298930895,0.00277233982749787,0.0037242851487724847,0.005388703315490438
0.4203077594625213,0.008027608832494225,0.015875252504752604,0.0464942807024546,0.6061007255191779,0.22769830247685538,0.03386722389960121,0.013154566542512493,0.007036640938670041,0.004438999662885304,0.0031025677244036296,0.002328298663822028,0.0018426017299967097,0.0015206780806122256,0.0012991152372491275,0.001143038942172644,0.0010321186867055937,0.0009540150027271248,0.0009010837121691687,0.0008686328260309202,0.0008539803492604176,0.0008559636489332711,0.0008747383100531569,0.0009118046301041511,0.0009702697316789613,0.0010554269206654787,0.0011758483311104038,0.0013454096883710313,0.0015871568532367846,0.0019411116581593629,0.002481285577551849,0.003356698450206071,0.004904554165376486
0.40782082114778767,0.00580126125169223,0.01179672984718819,0.037003913346844886,0.7686034589026626,0.11505182235088782,0.020430388481843673,0.008305461911756655,0.0045384368010369346,0.0028991692218414003,0.0020434166345490576,0.0015428752029138524,0.001226815982310479,0.001016370875498418,0.0008710962349304743,0.0007685978673290926,0.000695756361250718,0.0006445845180489491,0.0006101310363390939,0.0005893676307271832,0.000580587639250916,0.0005830961257305922,0.0005970900637826987,0.0006236919258015911,0.0006651468116454989,0.0007252449262768207,0.0008101140218611478,0.0009296902853238704,0.0011005409474038736,0.0013516032715664712,0.0017368100871536216,0.0023658984625687133,0.0034908309719821587
0.39570485773172226,0.00302860766370252,0.006338818825923059,0.021424199392005103,0.8959615209020642,0.04410052011928717,0.009053290866363733,0.0038336154255387634,0.0021361708184991753,0.001380580898117674,0.000980752794481218,0.0007447907592175546,0.0005948756432505908,0.0004946288018762661,0.00042523298442978503,0.00037620173418425717,0.00034136326571969784,0.00031694959052765674,0.0003006239573748051,0.0002909627866603512,0.0002871759017129265,0.0002889640150619961,0.0002964672338259511,0.00031028886512365916,0.0003316016656030772,0.00036236994693949283,0.00040576409974520393,0.00046693049926729857,0.0005544734693865506,0.0006834825301454307,0.0008822354380115251,0.0012087166737475919,0.0017978224322053467
0.38394884790774214,0.0008026776853665623,0.0017326304105321929,0.006332331339836113,0.9753268155371938,0.008847696104501552,0.0020376762830828996,0.0008935060808277196,0.0005064442364476974,0.00033067687537689994,0.00023654390420097695,0.00018054917696910252,0.0001447793814543173,0.00012077041791281291,0.0001041099684364391,9.232499346875165e-05,8.395404318176805e-05,7.810274515487572e-05,7.421640387870157e-05,7.195852435917598e-05,7.114529788271032e-05,7.171265887506252e-05,7.37053095868083e-05,7.72843802500883e-05,8.275605098378286e-05,9.063024639983934e-05,0.00010172997970803445,0.00011739528054245102,0.00013987877368465163,0.00017316276164038383,0.00022479545400687866,0.0003104974737676275,0.0004675422204894114
0.37254209780165826,2.2907988021192396e-06,4.594328572563561e-06,1.4784212073135275e-05,0.9999244384817145,3.0504234040288883e-05,7.272095657067401e-06,3.129218579477721e-06,1.7455185036084525e-06,1.1261932778746218e-06,7.98299060167495e-07,6.049456992124819e-07,4.822310062523279e-07,4.00246845904194e-07,3.4352403947001444e-07,3.0344621966736167e-07,2.7494450719976053e-07,2.5492414799983395e-07,2.41463594528022e-07,2.3338757902034476e-07,2.300359249849169e-07,2.3114460163428874e-07,2.368005004871821e-07,2.474562104229249e-07,2.6400923112553484e-07,2.8797034716691403e-07,3.217785432587796e-07,3.69384465101382e-07,4.373679689804673e-07,5.372047784991735e-07,6.902355828172287e-07,9.397268883011284e-07,1.384391036940142e-06
0.36147423124397315,0.0010132781779287965,0.0023123706038292976,0.010163444276795146,0.9718755449395869,0.007178956937951221,0.001965893028359204,0.0009122306922955279,0.0005321370784355209,0.0003536657566565383,0.00025610272229254155,0.0001972670677435692,0.00015932382731243956,0.00013368896462811322,0.00011582671812313145,0.00010316930844625431,9.418859294646226e-05,8.794576800321839e-05,8.38589771865325e-05,8.157861816548605e-05,8.092036078283788e-05,8.183243089766157e-05,8.438676161659422e-05,8.87913341718245e-05,9.54274616055988e-05,0.00010492401851758453,0.00011829511725658487,0.00013719784340486687,0.00016443604284968193,0.00020501165424233238,0.0002685186763250892,0.0003752595854641724,0.0005745266561784206
0.350735180331182,0.0037520112975285703,0.0088531316916033,0.04307779735043956,0.897986067579011,0.021140559483468428,0.0062629708860452195,0.0029924581590451906,0.0017724687300836497,0.0011891982931322874,0.0008667658950060572,0.0006708668416302998,0.0005438788077435599,0.00045778136760790434,0.00039765687208527913,0.00035501327382337337,0.00032477724744161147,0.00030382563270789527,0.0002902238293074572,0.00028281620686099396,0.0002810067045190785,0.00028465368968056114,0.00029404591857999077,0.00030995239077578896,0.0003337614060552875,0.00036775416715427185,0.0004156123060519698,0.0004833725344595851,0.0005813065989107644,0.0007278797725083069,0.0009588416483620794,0.0013506057439824145,0.0020909376743879974
0.34031517626748614,0.0075255094759161135,0.01837997189453105,0.10110754037944077,0.7915487353973789,0.03483651275349142,0.010978932890101689,0.0053741425005025874,0.0032254282059938104,0.002182454579176302,0.0016003285196971948,0.0012443277190252997,0.0010124998628068785,0.0008548301118501225,0.0007445174377105391,0.0006662314927067095,0.0006107834717653354,0.0005725080748134592,0.0005479002467295013,0.0005348809011996732,0.0005324051291847534,0.0005402785517401056,0.0005591241809948138,0.0005904897936165936,0.000637128666986335,0.0007035454173535831,0.0007970061892716153,0.0009294404457734716,0.0011211954780067028,0.001408978454254502,0.0018642647291047126,0.002641454179609365,0.004126652869265715
0.330204740478592,0.011532267718118862,0.029228162736469998,0.18453640714802827,0.6646131378058722,0.04418164052758726,0.014728242721663903,0.007375576559619151,0.004482369544834899,0.003057386155124432,0.0022546436969625647,0.0017606305042273537,0.0014375204225779614,0.001217115186268965,0.0010626369032222043,0.0009529498583866627,0.0008753454298904603,0.0008219770456771818,0.0007879964483351558,0.0007705484863100072,0.0007682370508192026,0.0007808807226510567,0.0008094818519058629,0.0008563997461108631,0.000925781122021981,0.001024389517257262,0.0011631396555967502,0.0013599943719212295,0.00164571120082451,0.002076078280048521,0.0027605283623245084,0.003937931158412863,0.006214892060927489
0.32039467598951027,0.014754334681081917,0.03882454108609528,0.28761600339255144,0.53280262555773,0.04769892061044108,0.01667312862686984,0.008515183251005063,0.005231739717892238,0.0035938122818544044,0.002663578709130262,0.0020879328324819053,0.001709980821372508,0.0014514958707384938,0.0012700539748183711,0.0011411740315113393,0.0010500953876004938,0.000987694284840936,0.0009483417393237107,0.0009287470951672904,0.0009273464658665719,0.0009440299774976614,0.0009801230589438345,0.0010386161446876913,0.0011247135789613852,0.0012468838245405232,0.0014188027008059248,0.001663033922993335,0.0020183668563430943,0.0025555452013321924,0.0034143652393710876,0.0049030437180348965,0.00781574535811501
0.31087605905851173,0.016583700459192857,0.04544414037494222,0.40590158634790746,0.40482795740027144,0.045445978670432,0.016590532807998166,0.008633679658421899,0.005361280831476146,0.003708496323849798,0.0027623009966201207,0.0021735757379163553,0.0017855665524442496,0.0015195254568969529,0.001332507035060411,0.0011996280674526584,0.0011058451123960313,0.0010418503094830726,0.0010019112418697908,0.0009827039266207438,0.000982698976598289,0.0010018957262197077,0.001041822055748557,0.0011057998404148102,0.0011995580992807506,0.0013323987018881915,0.0015193538552041481,0.0017852847280725238,0.0021730922216162555,0.002761434695281931,0.0037068968153733746,0.005358339121163309,0.00862865785188555
0.3016402310596303,0.016663877846849296,0.04762483866979959,0.5300000247623099,0.2901575183253044,0.03902692055488035,0.014808712739674155,0.007839412855005206,0.004916013559503769,0.0034225217344131934,0.0025611752352205316,0.002022525350013757,0.0016662693727439973,0.0014214269290447497,0.0012490869534108225,0.0011266183828638214,0.0010403059367749385,0.0009816569927321266,0.0009454519402878121,0.0009286905248598149,0.0009300410076327949,0.0009496093408148457,0.0009889572125715792,0.0010513743971044046,0.0011424900291469137,0.0012714287435259606,0.0014529522005960014,0.0017115410980396795,0.002089613276229387,0.0026653706959550755,0.0035956224374429106,0.0052331836099920375,0.008514767285255893
0.2926787906063297,0.015005908750775475,0.04484251246981273,0.6516202292285858,0.19400346306546923,0.030230063472594167,0.011882529803568057,0.0063924567460285665,0.004046315608424055,0.002834577082841766,0.0021307424607701427,0.0016884407850113723,0.0013949141876537893,0.0011927280711614553,0.001050237948881435,0.0009489715602009108,0.0008777078257628661,0.0008294939263560764,0.0008000660465786469,0.0007869957553111455,0.0007892466695570225,0.0008069953242387604,0.0008416612377329793,0.0008961552360189709,0.0009754235195248061,0.0010874721842726526,0.0012452667094573267,0.0014703646948805514,0.001800266275550319,0.002304484669565935,0.0031234505895721197,0.004576451629613323,0.00752440646422726
0.283983585909168,0.011949775935343868,0.037384121115761,0.7621704328887213,0.11938080976857968,0.021017894371818946,0.008520470264246766,0.004649500458851723,0.0029676431715382266,0.002090494474414392,0.0015777620056247892,0.0012541459592239638,0.0010387339312962658,0.0008900591490026829,0.0007851712322524187,0.0007106292356834596,0.00065825172475906,0.0006229669859564798,0.0006016720047047056,0.000592615794658891,0.0005950812995177205,0.0006092617089326086,0.0006362933100351312,0.0006784547559236272,0.0007395951222432625,0.0008259369791610334,0.000947566399244186,0.0011212904820118801,0.0013764440354239013,0.001767660902356535,0.0024060417491150042,0.0035465697760835614,0.005886653007512748
0.27554670736050824,0.008285330183522215,0.027195805599108402,0.8561305812278315,0.06460992377338873,0.0126334466931765,0.005274421149481802,0.0029189645311939417,0.0018787515714070071,0.0013309299215099521,0.001008645132530937,0.0008043318797821392,0.0006679160859003607,0.000573575442317183,0.0005069523396742644,0.0004596103961478024,0.0004264041159641754,0.00040414286177437936,0.00039088002265628367,0.00038552904183211575,0.00038766700085746933,0.0003974618489053985,0.0004157010597118166,0.0004439303702689628,0.0004847462848755254,0.0005423431783726627,0.0006235299940955234,0.0007396873229336861,0.0009107647631004832,0.0011741296903493362,0.0016063420653791983,0.0023849230437069952,0.004002631408242892
0.2673604803395307,0.004604156703320032,0.015917614560821705,0.9283776160131293,0.028739928227502726,0.006140586479553768,0.0026316245134353653,0.001475129438083107,0.0009567976126151669,0.0006813731577315994,0.0005183796284632647,0.0004146261078120705,0.0003451555223000516,0.0002970238036888654,0.00026300311505652197,0.0002388334982881296,0.00022191203972518188,0.00021062453167318255,0.00020398911874140206,0.0002014639594658878,0.00020284971082284894,0.00020825528389902746,0.00021811643825123226,0.00023327283395345843,0.0002551279133412492,0.0002859471472218755,0.00032941301904609963,0.0003916968035682232,0.0004836577646473485,0.0006257406941405442,0.0008601236505810653,0.0012855643250144926,0.0021803963841050735
0.25941745823100126,0.001690106265613513,0.006179065334964013,0.9760194377590444,0.008550225368220218,0.001975857691305505,0.000868139679013317,0.0004927061415498978,0.00032199828850067045,0.0002304907255767343,0.00017602127830073475,0.00014120885189768936,0.00011783440585483754,0.00010161072066810203,9.013371726899245e-05,8.19822061288576e-05,7.62862922377234e-05,7.250649502804557e-05,7.03157321456301e-05,6.953568562598217e-05,7.010485102034151e-05,7.206798954271234e-05,7.558377692158306e-05,8.095296305068333e-05,8.867599118684544e-05,9.956024295309314e-05,0.00011491989868917282,0.00013696318340939608,0.00016959067957128936,0.00022018406695084052,0.0003040788986198165,0.0004575386311845055,0.0007843161879552362
0.2517104156514453,0.00014371226412774376,0.0005581755384419691,0.998122158418395,0.0005871900038788556,0.000145874838207265,6.571879428413287e-05,3.777950890436753e-05,2.4885687355676147e-05,1.7910466278449292e-05,1.3733049286050617e-05,1.1051844251400912e-05,9.246299898089336e-06,7.990770614439175e-06,7.101832676760037e-06,6.470710810645901e-06,6.030705742678193e-06,5.74045858475267e-06,5.5749903867969865e-06,5.5208776253354255e-06,5.573857900544665e-06,5.738099960363159e-06,6.026916562732188e-06,6.465136040336887e-06,7.093889843666602e-06,7.979504842823332e-06,9.230101488862575e-06,1.1027864996473035e-05,1.369589600156558e-05,1.784896872491763e-05,2.477386504434057e-05,3.754720758923852e-05,6.513163125365874e-05
0.24423234187656462,0.00034163105246623536,0.001390814575771424,0.9956585735608275,0.0012581737496847772,0.0003279265802417444,0.00014933890444382815,8.624772054610183e-05,5.6961235773072356e-05,4.106651169049426e-05,3.1527748421274e-05,2.5397048539567674e-05,2.1264766327107496e-05,1.838962390175259e-05,1.635346523578318e-05,1.4908057447241388e-05,1.3901102267855405e-05,1.3238169683295844e-05,1.2862302750200784e-05,1.2743042088527155e-05,1.287100113667766e-05,1.325626039416553e-05,1.3930094143233667e-05,1.495055372335117e-05,1.6413695397870293e-05,1.8474429400867748e-05,2.1385476722477692e-05,2.5573249479421988e-05,3.1795440255873434e-05,4.149762377990714e-05,5.771697806139347e-05,8.775469818917053e-05,0.00015306128120726653
0.23697643446392133,0.0024233260521827784,0.01056430683767687,0.9708020394186028,0.007381972719287022,0.002036586349300532,0.0009479138049953165,0.0005538202625245176,0.0003684256969266929,0.00026696092259887816,0.00020572572710707003,0.0001662144022344809,0.0001395105496515296,0.00012089913111791052,0.00010770935284800432,9.835112367411009e-05,9.184734944598206e-05,8.75924313655121e-05,8.522264702867596e-05,8.454653054118398e-05,8.551091236322676e-05,8.81918342661387e-05,9.280759104787779e-05,9.975786371772676e-05,0.00010970154272225585,0.0001237010302077869,0.00014349237798652853,0.00017201336567029208,0.00021450567359225552,0.0002810250462402125,0.00039285627194019586,0.0006016973660942237,0.0010617678150414334
0.22993609306508417,0.006263437175034436,0.029384266267784825,0.9270281960654481,0.01614873081824472,0.004673848196568476,0.002214546573504705,0.0013061487485873271,0.000874100236944523,0.0006360165382882575,0.0004916643086417978,0.00039822262661078555,0.0003349303749065756,0.0002907583425390198,0.00025943784493975467,0.00023722792919973862,0.00022182705306973233,0.00021180947287708428,0.0002063223479561758,0.00020492338372913612,0.00020750263340392415,0.00021426372738008663,0.00022575885830867812,0.00024298818163553392,0.0002675958026221001,0.0003022328836660306,0.0003512387227399721,0.00042197681566584467,0.0005276367729463055,0.0006936557192613618,0.0009742659481858222,0.0015025547637939533,0.002681914865515223
0.2231049134216102,0.011580823400401372,0.05851020927202889,0.867809816780694,0.025571664491192376,0.0077288950172559765,0.003723107710230417,0.0022154131516935256,0.0014909121915273474,0.0010890817694355925,0.0008443837490748762,0.000685505622704932,0.0005776669904678246,0.0005023101068416878,0.0004488532375280332,0.0004109674876978392,0.00038475483540531855,0.0003678019610103226,0.00035867116240248786,0.0003566280653949035,0.00036151217776678223,0.0003737095079096236,0.0003942189814609935,0.0004248329319406478,0.0004684903596696926,0.0005299309956923208,0.0006169243396980755,0.0007426883002922989,0.0009309834391239443,0.0012278545627313743,0.0017321204113062419,0.0026886106791356593,0.004850656310284194
0.2164766815394005,0.017860078267934284,0.09781588901182015,0.7976074472422551,0.0340633774142607,0.010700165801283745,0.0052323460440824015,0.0031388362573800867,0.0021232868302403732,0.0015566681856667773,0.001210228684626026,0.0009846608836559512,0.0008312641342807463,0.0007239478795506679,0.0006477907160782171,0.0005938500119104185,0.0005566126168335925,0.0005326676139054055,0.0005199915014783392,0.0005175667671432399,0.0005252030186930784,0.000543504520233782,0.0005739743397468071,0.0006192869739320032,0.0006838185400999359,0.0007746280684201433,0.0009033049109707111,0.0010896159086088294,0.001369220580127239,0.0018115552355957817,0.0025666290867562575,0.004009674690642075,0.007312908261787173
0.21004536803613,0.024649507442527308,0.14681083822079802,0.7195864322038945,0.04083718313909737,0.01330243415774743,0.006599465262332573,0.003990174197103931,0.0027127369985448574,0.0019958503711595167,0.0015558104353313945,0.0012685167564878417,0.0010727810259689708,0.0009356921271920026,0.0008383728863827792,0.0007694874498503104,0.0007220408603259136,0.000691708661375995,0.0006759364609297688,0.0006734606656906544,0.0006840869427696233,0.000708657100233208,0.0007491944016305653,0.0008092718665474645,0.0008947244631244098,0.001014966892301417,0.0011854789481069489,0.0014327268748204457,0.0018046162984359348,0.00239485195186267,0.0034071361747063326,0.005355645586540095,0.009870213176179794
0.20380512265660944,0.03125834721282508,0.20393821942386536,0.6383263381461491,0.045338301610435186,0.015254165767778114,0.007667799908972391,0.004669730019309435,0.0031895128449330487,0.002354362173670746,0.0018398615446131165,0.0015031037996443793,0.0012732745488450914,0.0011121443292195462,0.0009977260200817362,0.0009167921445166281,0.0008611740373848063,0.0008258258708755391,0.000807780298304038,0.0008055940828768008,0.0008190956634638256,0.0008493559260170222,0.0008988733727118109,0.0009720305846017329,0.0010759725161024324,0.00122223148481935,0.0014297975504253286,0.0017312164390558165,0.0021855935965584454,0.002909059184424499,0.00415562612369386,0.006572219249931774,0.012238874523893823
0.19775026895109102,0.0373109210335734,0.2685828073991044,0.5558879496528368,0.04737641124479308,0.016428935004008546,0.008363922148963303,0.005130013676447082,0.0035201087667740155,0.002606965385911163,0.0020423825894407433,0.0016719145438621418,0.0014186491574672572,0.001240912632254322,0.0011146723713295042,0.0010254444000218014,0.0009642776033007903,0.000925648323488452,0.0009063239216233229,0.0009047613793764836,0.0009208380135707267,0.0009558305592987623,0.0010126363121853242,0.0010963044283814926,0.0012150534197899654,0.001382153696237538,0.001619491247241341,0.0019646664831572433,0.002486193397143365,0.003319293975615771,0.004761578078484418,0.00757795855876267,0.014264980595554557
0.19187529911167642,0.04216997848128842,0.33788948535123253,0.47615213937912065,0.04725602192934851,0.016837115252019478,0.008670486142314832,0.005352282959773816,0.0036879666211854906,0.0027394143353878103,0.002151017500821614,0.0017640449635895556,0.0014990918718927704,0.00131298968667314,0.0011807829305923098,0.0010874071275081391,0.001023546629904729,0.0009834585698093369,0.0009637977300455526,0.0009629965754299067,0.0009809922523316345,0.0010192158842386877,0.001080840939108496,0.0011713673486652577,0.0012997358456556785,0.0014803901969894632,0.0017371887126156967,0.002111219872029869,0.002677605334130059,0.003585287573623862,0.005164165743573399,0.008270041715065377,0.01573792454403395
0.1861748689621298,0.045570771604444255,0.4105691924862322,0.4005640315295785,0.04518900089704068,0.016507814091826757,0.008593406417654435,0.00533736558793453,0.0036924988218743405,0.0027507012534572083,0.0021646526431677664,0.0017783801648789705,0.0015135182438209944,0.0013273258801478553,0.0011950366122139508,0.0011016770790348283,0.0010379829621913338,0.0009982493770291632,0.0009791696240269022,0.0009792245854253758,0.0009984186580538341,0.0010382805221107157,0.0011021289851979956,0.0011956861994988426,0.0013282434046351078,0.0015148190875019366,0.0017802606996968498,0.0021674657303532505,0.0027551296243136557,0.0036999996313077316,0.005351479290566188,0.008624358128015111,0.01659373017676837
0.180643793096539,0.04732887267829971,0.48431935940922904,0.3305979439037536,0.041708780944941064,0.015602069522889365,0.008207224531670566,0.005128003738029604,0.0035615776891926567,0.002660646023935999,0.0020982988197946395,0.0017268546204350702,0.0014717955796828897,0.0012923504505737036,0.0011648396166669959,0.0010749253235356633,0.0010137320052065312,0.0009758004507865046,0.0009579822973068407,0.0009588607436784769,0.000978504717815187,0.0010184806187648924,0.0010821251722557433,0.0011751640500203644,0.0013068840910235103,0.0014923040771644659,0.0017563077272143986,0.0021419499866547,0.002728454150926013,0.0036742660257479054,0.005334609873872926,0.008647613369926513,0.016813417789004203
0.17527704016240214,0.04730731736630736,0.5571839695589594,0.2676904697252703,0.03721721651827612,0.014225757395054207,0.007555682055591247,0.004747143839257387,0.003309142694239974,0.002478601621101998,0.001958701448049398,0.0016146094812939484,0.0013780187716808865,0.0012114456281026949,0.0010930730237921898,0.0010096727753404215,0.0009530527870465007,0.000918180419066399,0.0009021682592807227,0.0009037445975149291,0.000923033124704821,0.0009615740029928314,0.001022592654784347,0.0011115998610436682,0.0012375256742545723,0.001414820153156556,0.0016674603474184661,0.0020370255214977842,0.0026002572171642834,0.0035112666177608606,0.005117511661753864,0.008344287685550223,0.016393077512691687
0.17006972828384959,0.04565299530510605,0.6281167744655947,0.21176180532996136,0.03205562105306553,0.01250445425863794,0.006703355626744768,0.004234422043036162,0.002962336339126198,0.002224610278167198,0.0017615109534090986,0.0014544132427372768,0.0012429854676421098,0.0010940242872873641,0.000988163337306438,0.0009136446493931327,0.0008631840026280727,0.0008323124277554453,0.0008184798276447439,0.00082058880935739,0.0008388048712524431,0.0008745845982342626,0.0009309303615241089,0.001012950932982376,0.0011289180529881868,0.0012922249091193157,0.0015251289285829518,0.0018663161162223792,0.0023874127380576955,0.0032328730403393753,0.004730341484833705,0.00776019303891309,0.015413639222349592
0.1650171206208372,0.04242051255971187,0.6946260485649753,0.1638130916393366,0.026747578276737547,0.01063185338246386,0.00574892352391545,0.0036498423426959675,0.002561936671683684,0.0019286008129095916,0.0015299845675040954,0.0012651653022115101,0.001082625191969677,0.0009539341803415305,0.0008624772816773231,0.000798154473795551,0.0007547067578183281,0.000728299261252359,0.000716755455539423,0.000719160470003726,0.0007357030750371068,0.0007677078519480151,0.000817867247480064,0.0008907460400165424,0.0009937299577355493,0.0011387850440789877,0.0013458260612409286,0.0016495425062331517,0.0021143519154161643,0.0028706935332442948,0.004216093320444018,0.00695671243221203,0.013962590298369867
0.16011462106027158,0.037946618789317516,0.7566549029469136,0.1228678826783999,0.021452667526031727,0.008678892150650841,0.004731978015406323,0.0030189569152363972,0.0021260729777147955,0.0016043280648426856,0.0012751010395097588,0.0010559895513509452,0.0009047784830488723,0.0007981093498846514,0.0007223048126156207,0.0006690406959943313,0.0006331572716853018,0.0006114977956784148,0.000602280872225034,0.0006047767190513574,0.0006191812812471556,0.0006466496345249219,0.0006894987519222508,0.0007516431726635758,0.0008394125553758215,0.0009630689531080458,0.001139717255968569,0.0013992195718477815,0.0017971991862390346,0.002446756340998642,0.0036073731512257607,0.005988312604776873,0.01215263088454369
0.15535777003514836,0.03249276855352363,0.8120575159778614,0.08936621504367594,0.016582117619264973,0.006818867079622877,0.003746528576113418,0.0024011254621185505,0.001696128448635336,0.0012827394475746004,0.001021262190928373,0.0008469520236273853,0.0007265282333033903,0.0006415300437850654,0.0005811285538947882,0.0005387259260677814,0.0005102317035689852,0.0004931468972802377,0.0004860691371368689,0.0004884385029033456,0.0005004410551725559,0.0005230405643587852,0.000558148011096214,0.0006089821008792945,0.0006807445828520657,0.0007818743575177899,0.0009264573569403187,0.001139136268786603,0.0014659421098876478,0.0020008298137249607,0.0029605174302447454,0.004942174790877427,0.010133692136774616
0.15074224046789936,0.026492933080311108,0.8607802695326761,0.06232628091692992,0.012214701570754735,0.005100666002956742,0.002823126443721849,0.001817236483101395,0.0012874559514985395,0.0009757676418345965,0.0007781633172518283,0.0006462227125702978,0.0005549753755677208,0.000490536881277695,0.0004447487062849054,0.0004126348179960621,0.0003911097811339967,0.00037829141468663475,0.00037312953905271743,0.000375216127965751,0.00038471508789682756,0.00040239022140708085,0.00042973981658880493,0.00046928024436895805,0.0005250763462140095,0.0006037270834361321,0.0007162629353721946,0.0008820214884443942,0.0011372267015832636,0.0015561017136370404,0.0023107851014052662,0.0038795390051950943,0.008039667956878372
