# Generated by QuTiP: 1050x6 real matrix in decimal format [',' separated values].
0.0000000000,0.0000000000,0.0000000000,0.0000000000,0.0000000000,0.0000000000
2.0019065777,0.4000161320,0.4009265075,0.4095805749,0.5074500209,0.9915587723
4.0038131554,0.7480197519,0.7481134991,0.7493720751,0.8490932185,0.8699871032
6.0057197331,0.9029925324,0.9033320185,0.9026248640,0.8245860370,1.0637692824
8.0076263108,0.9635474640,0.9623437010,0.9634935073,0.5664517459,1.0222395939
10.0095328885,0.9861961271,0.9718892982,0.9849635075,0.2416012797,1.0088539299
12.0114394662,0.9943450434,0.9820506327,0.9931429781,0.0664665681,1.0028590618
14.0133460439,0.9967704744,0.9935456710,0.9973620311,0.0252209192,1.0016139247
16.0152526215,0.9988406205,0.9980451486,0.9987564790,0.0348037797,0.9981109030
18.0171591992,1.0232356516,1.0000883407,0.9990276340,0.0544860366,1.0004497371
20.0190657769,0.9969109456,1.0178844074,0.9994681895,0.0707079448,1.0017342795
22.0209723546,1.0002250127,1.0095505524,0.9994353199,0.0801964550,1.0009754808
24.0228789323,1.0006221972,1.0033186066,0.9998128219,0.0830654089,0.9980886967
26.0247855100,0.9986411223,1.0027360269,0.9999406651,0.0803994659,0.9997350914
28.0266920877,0.9989583065,1.0027199311,1.0002330597,0.0735520030,0.9964333976
30.0285986654,1.0003561077,1.0003896222,0.9997667578,0.0639237142,0.9989968661
32.0305052431,0.9968822657,1.0011955461,0.9996941441,0.0528486548,1.0007024008
34.0324118208,0.9957943221,1.0011926672,0.9998593898,0.0415050665,1.0002960349
36.0343183985,0.9922181745,0.9996520192,0.9999547753,0.0308426205,0.9974013544
38.0362249762,0.9973194659,0.9937462751,0.9965138281,0.0215386892,0.9994125043
40.0381315539,0.9995089861,0.9931591242,0.9978911621,0.0139956379,0.9995137804
42.0400381316,0.9998270575,0.9975861911,0.9993702036,0.0083751719,0.9980931230
44.0419447092,1.0007757779,0.9984047797,0.9993333944,0.9092252715,1.0001093288
46.0438512869,1.0003899810,0.9993724847,0.9990999318,0.8865650115,1.0006922368
48.0457578646,1.0024802208,1.0002249813,0.9974386289,0.8127477488,0.9986749458
50.0476644423,0.9985347418,0.9998329811,0.9984691842,0.6854995463,1.0034614218
52.0495710200,0.9988278692,0.9994007411,0.9991264864,0.9938249623,0.9945177010
54.0514775977,1.0003201751,0.9994827439,0.9994832200,1.0019234049,0.9974473736
56.0533841754,0.9978220555,0.9976683399,0.9996071229,1.0039454649,0.9995248734
58.0552907531,0.9990983518,0.9322749403,0.9857816057,1.0084813513,0.9998281157
60.0571973308,1.0005821567,0.9658036866,0.9874069787,1.0048050999,0.9992354540
62.0591039085,1.0025133279,0.9888977519,0.9945673190,1.0019270197,0.9965918244
64.0610104862,1.0014824341,0.9970694472,0.9973870389,1.0009000311,0.9971303535
66.0629170639,1.0004948437,0.9988106519,0.9983943847,1.0006793612,0.9992670442
68.0648236416,1.0000289741,0.9992761538,0.9986795168,0.9977364384,0.9992834669
70.0667302193,0.9995049258,0.9967284057,0.9993759347,0.9977787754,1.0141643844
72.0686367969,0.9990888933,0.9915455109,1.0000002709,0.9991762986,1.0018531539
74.0705433746,0.9992192221,0.9937895402,0.9991904693,0.9994714651,0.9899698528
76.0724499523,0.9994852623,0.9969671484,0.9994391718,0.9983322574,0.9960910975
78.0743565300,1.0002543528,0.9986277824,0.9994664192,1.0092881987,0.9946730419
80.0762631077,1.0166972995,0.9997958741,0.9995475063,1.0094321585,0.9989484151
82.0781696854,1.0093512991,0.9859751426,1.0002624712,1.0059497326,0.9972757557
84.0800762631,1.0030492523,1.0033085053,1.0004812049,1.0015232706,0.9999959929
86.0819828408,1.0015044957,1.0015630190,0.9998944029,0.9989651300,1.0003361998
88.0838894185,0.9994390524,0.9915205352,1.0008427338,0.9990895508,1.0001379564
90.0857959962,0.9937414819,0.9952377966,1.0004603406,0.9999192619,0.9983943392
92.0877025739,0.9964341094,1.0004399567,0.9997387922,0.9998416119,1.0002625282
94.0896091516,0.9994845592,0.9996438734,0.9996805482,0.9990728921,1.0008174247
96.0915157293,0.9955541729,0.9998310512,0.9995880036,0.9999146985,0.9991630892
98.0934223070,1.0008401964,0.9994351697,0.9996145844,0.9999604489,0.9981889900
100.0953288847,1.0027498269,0.9991568788,0.9960743100,0.9990995117,0.9982521641
102.0972354623,1.0001651140,0.9993104353,0.9980282630,0.9974694501,0.9985125356
104.0991420400,0.9952408264,0.9955137083,0.9968012069,0.9940752537,1.0001911204
106.1010486177,0.9991054412,0.9871751212,1.0076064909,0.9994085482,0.9978767695
108.1029551954,0.9996188411,0.9922078186,1.0004273038,1.0062616992,1.0030589082
110.1048617731,0.9977122735,0.9964947607,0.9991662578,1.0055448807,0.9942517534
112.1067683508,0.9948309882,0.9985001486,0.9984851956,1.0025589153,0.9973897619
114.1086749285,0.9980552612,0.9992927330,0.9994804610,1.0008415828,0.9979902079
116.1105815062,0.9484928300,0.9995483166,1.0002185895,1.0031775469,1.0027026906
118.1124880839,0.9934122537,0.9995015981,0.9999513536,1.0051286355,0.9968854472
120.1143946616,0.9993320978,0.9994184393,0.9997105854,1.0059577874,0.9925863247
122.1163012393,0.9998910376,0.9990761389,0.9997349985,1.0016800469,0.9918649307
124.1182078170,1.0001503069,0.9994247065,1.0000339985,0.9981073496,0.9903600408
126.1201143947,0.9978450753,0.9999576373,1.0000115275,0.9998529032,0.9958824400
128.1220209724,0.9999257084,0.9932188609,0.9998001036,1.0016948036,0.9953754551
130.1239275500,1.0023499286,1.0030300559,0.9981947211,0.9988955226,0.9960637399
132.1258341277,1.0014470874,1.0011868603,0.9989227054,0.9996845652,0.9945339932
134.1277407054,1.0004890016,1.0001747998,1.0002131049,0.9995703878,0.9959306082
136.1296472831,1.0000279984,0.9995903161,0.9995152420,1.0000607938,0.9946198343
138.1315538608,1.0004254774,0.9992236720,0.9989650959,1.0001268749,0.9984472618
140.1334604385,1.0025903002,0.9963244134,0.9954015129,0.9993995198,0.9964326812
142.1353670162,1.0019510022,0.9980419565,0.9980912164,0.9981487141,0.9982816175
144.1372735939,1.0002472071,0.9988758197,0.9988251073,0.9956426272,1.0001173387
146.1391801716,0.9994093173,0.9999201448,0.9996413498,0.9983664982,0.9979224430
148.1410867493,0.9995164893,1.0009676351,0.9994873139,0.9978419364,1.0087859214
150.1429933270,0.9991975997,1.0002530359,0.9996245260,0.9989984274,1.0083248299
152.1448999047,0.9995135747,0.9998515510,0.9998481524,0.9993211026,1.0027166714
154.1468064824,0.9992537629,0.9997355434,0.9980082188,0.9998486887,1.0031413584
156.1487130601,1.0000588225,0.9996742623,0.9959122565,0.9994500896,1.0010861567
158.1506196378,0.9920384741,0.9995796749,1.0121927315,0.9998068915,0.9998236853
160.1525262154,0.9982819916,0.9995457561,0.9957306065,1.0176806104,1.0011245068
162.1544327931,0.9995672647,1.0007769186,0.9997677141,1.0032526804,0.9962842947
164.1563393708,0.9923531613,0.9995159923,1.0056621843,0.9980005791,0.9952068999
166.1582459485,0.9937840106,0.9988771791,1.0089318002,0.9989162030,0.9984063282
168.1601525262,0.9967199508,1.0026140973,1.0133474147,0.9987957175,0.9984918738
170.1620591039,1.0006440032,0.9999183757,1.0006731131,0.9989975252,1.0103294855
172.1639656816,0.9951241779,0.9963911108,1.0013554498,0.9990954266,1.0143583535
174.1658722593,0.9999701000,0.9977670654,1.0009017881,0.9983442836,1.0023510276
176.1677788370,1.0000020855,0.9999136791,0.9999906115,0.9999459546,0.9996540833
178.1696854147,0.9997804071,1.0010406402,0.9991046559,0.9997406311,1.0041430197
180.1715919924,0.9997345516,1.0018339617,1.0000644298,0.9999522181,0.9962065312
182.1734985701,1.0005041825,1.0015476334,1.0002872148,0.9988299598,0.9930580986
184.1754051478,1.0014951842,0.9997338205,0.9998441005,0.9995914201,0.9970002707
186.1773117255,1.0006309198,0.9992572601,0.9993299064,0.9995535778,0.9972766210
188.1792183031,1.0000689155,0.9993626236,0.9984270665,0.9999549978,0.9991850254
190.1811248808,1.0003925902,0.9956558214,0.9996630121,0.9993934268,0.9990847111
192.1830314585,1.0016867561,0.9943872960,0.9995791446,0.9982952328,1.0003714055
194.1849380362,1.0008731010,0.9986894314,0.9998507681,0.9959902037,0.9995360071
196.1868446139,0.9999244774,0.9960740157,0.9999713324,0.9996935271,0.9985306838
198.1887511916,0.9992785419,0.9982551769,0.9999521132,0.9995035703,0.9952691773
200.1906577693,0.9997230046,0.9954970152,0.9998600427,1.0000223966,0.9984922227
202.1925643470,1.0004074288,0.9976394358,0.9995418372,0.9991631443,0.9963403648
204.1944709247,1.0007567979,0.9987851247,0.9997028665,0.9999366732,0.9982345885
206.1963775024,1.0003812154,0.9989337957,1.0004130892,0.9998250379,0.9999458452
208.1982840801,0.9999504689,0.9990512872,1.0004135558,0.9991024485,0.9961470020
210.2001906578,0.9963914005,0.9992770123,0.9997550774,0.9975353658,0.9970517876
212.2020972355,0.9981364977,0.9982735150,1.0002593760,0.9997612436,0.9991555874
214.2040038132,1.0003893875,1.0006992050,0.9999827331,0.9981105451,1.0092167552
216.2059103908,1.0256701921,1.0010627067,0.9997101500,0.9989656613,1.0184444279
218.2078169685,1.0098955444,0.9944563018,0.9997171745,0.9994996090,1.0146228922
220.2097235462,1.0041516781,0.9924420829,0.9995303155,0.9991631127,1.0043685978
222.2116301239,1.0015559777,0.9968206821,0.9993912444,0.9972154113,0.9981375371
224.2135367016,0.9999788217,0.9987287937,0.9995447947,0.9997157228,0.9987511989
226.2154432793,0.9996297065,0.9989750352,0.9994711290,1.0022562814,1.0001027291
228.2173498570,0.9991472499,0.9998089632,0.9993663432,1.0005501530,1.0003622270
230.2192564347,0.9993780822,1.0005620357,0.9995386384,1.0002331913,0.9990063203
232.2211630124,0.9990503792,1.0001877603,1.0062693133,0.9996089058,0.9994178196
234.2230695901,0.9995849181,0.9988125409,1.0041709573,0.9984053019,1.0059460181
236.2249761678,0.9991409167,0.9990283564,1.0010423724,0.9998758442,1.0123002201
238.2268827455,0.9994972938,0.9995584577,0.9991366109,0.9997925624,0.9946752613
240.2287893232,0.9990900461,0.9991650187,0.9976115353,1.0001286242,0.9853492227
242.2306959009,0.9995206030,0.9995438837,0.9994145603,1.0000685737,0.9782345237
244.2326024786,1.0001485427,1.0005642351,0.9994165710,0.9992879739,0.9950763640
246.2345090562,1.0010477703,1.0002421605,0.9996915226,0.9979693405,0.9920208733
248.2364156339,1.0011196549,1.0002054156,1.0000459794,0.9952208237,0.9967263228
250.2383222116,1.0002782433,1.0024230229,1.0001224345,0.9890570840,0.9937368518
252.2402287893,1.0009026024,0.9989732503,0.9998628757,1.0023718112,0.9973186273
254.2421353670,1.0025829226,1.0009657940,0.9979177909,1.0011487468,0.9984864738
256.2440419447,1.0003757829,0.9998891547,0.9821891103,1.0006748835,0.9979544773
258.2459485224,0.9995409819,1.0021278773,0.9964833815,0.9999947809,0.9999405143
260.2478551001,1.0004990192,1.0021166762,0.9990368928,1.0004609175,0.9998199049
262.2497616778,0.9950405385,1.0010241576,1.0000891747,1.0000926968,0.9973328822
264.2516682555,0.9963390122,1.0029494063,0.9994525778,0.9992851330,0.9994781715
266.2535748332,0.9978665642,0.9964601890,0.9976386498,0.9999883695,1.0010905203
268.2554814109,0.9988865158,0.9989493430,0.9936857730,1.0000300949,1.0005624091
270.2573879886,0.9990713006,0.9999383378,0.9914069155,1.0050457953,0.9996224511
272.2592945663,0.9999389228,1.0001236426,0.9958042311,1.0028964674,0.9964038581
274.2612011439,0.9994852730,1.0001167778,0.9985258596,0.9996355760,0.9969551679
276.2631077216,0.9992360084,0.9994640263,0.9989742952,0.9995054313,1.0025765271
278.2650142993,0.9994330443,0.9999577481,0.9996820323,0.9991451731,1.0082527393
280.2669208770,0.9996024613,0.9993588699,0.9995811562,0.9999602279,1.0074314731
282.2688274547,0.9996817438,1.0002512930,0.9994054439,0.9999117137,1.0035731553
284.2707340324,0.9997124734,1.0025865581,0.9995493471,0.9983047333,1.0014930935
286.2726406101,0.9997219565,0.9992828809,0.9998714549,1.0039786767,1.0011024084
288.2745471878,0.9995264826,1.0012438728,1.0148519358,1.0021565754,1.0005678595
290.2764537655,0.9991557320,1.0002842716,1.0155402014,1.0069052608,1.0003710699
292.2783603432,0.9990934841,0.9997003803,1.0080218788,0.9997010134,0.9983898506
294.2802669209,0.9993810795,0.9992602398,1.0023396298,1.0000492299,1.0003579773
296.2821734986,0.9994032054,0.9993497016,1.0011241669,0.9981618225,0.9993700899
298.2840800763,1.0018342081,0.9991738734,1.0004869354,0.9989481876,1.0004486940
300.2859866540,1.0021530979,1.0003093403,0.9999212184,0.9989831658,0.9980450710
302.2878932316,1.0009653969,0.9996457233,0.9996097003,0.9982457264,0.9973185355
304.2897998093,0.9946024925,0.9995485447,0.9999370860,0.9962345513,0.9990558394
306.2917063870,0.9848897346,0.9991358536,1.0009149532,0.9914760115,0.9988937102
308.2936129647,0.7327551079,0.9997487860,0.9994849112,0.9977829148,0.9973314410
310.2955195424,0.9159847394,0.9998089489,0.9991843311,0.9661093343,0.9941671236
312.2974261201,0.9688690803,1.0020687999,1.0002103463,1.0008370944,0.9881775612
314.2993326978,0.9884941186,0.9984208327,1.0001063573,0.9941163053,0.9952800043
316.3012392755,0.9962502155,0.9992665812,0.9996772617,0.9939231263,0.9954551361
318.3031458532,0.9981808182,0.9990479279,1.0005019549,0.9913083975,0.9972525336
320.3050524309,0.9992838124,0.9991383064,0.9990937238,0.9848159530,0.9982126462
322.3069590086,1.0024163735,0.9994237174,0.9998139812,0.9963222370,0.9972637137
324.3088655863,0.9991521801,1.0007551363,0.9996726217,1.0025023750,0.9987895015
326.3107721640,1.0012662891,1.0007251739,0.9998935410,0.9988818695,0.9959464609
328.3126787417,0.9982174399,1.0014908105,0.9996701612,0.9992031731,0.9974382870
330.3145853194,0.9973082939,1.0010751547,0.9994220881,0.9975448285,0.9960521727
332.3164918970,1.0011014130,1.0013245245,0.9996229628,1.0016216015,0.9945086575
334.3183984747,1.0000570061,1.0036232492,1.0004484611,1.0092373262,0.9921776050
336.3203050524,0.9995811630,1.0001606250,1.0002148982,0.9978895245,0.9890597761
338.3222116301,1.0001710049,0.9994510716,0.9997908798,0.9202366080,0.9960980042
340.3241182078,0.9994888825,0.9995746769,0.9995353606,0.9707084373,0.9981842034
342.3260247855,0.9993501822,0.9991553718,0.9994544805,0.9804816238,0.9993454695
344.3279313632,0.9991894535,0.9998052855,0.9992706792,0.9773324855,0.9977344038
346.3298379409,0.9923120704,0.9953516492,0.9995595942,0.9958294193,0.9934072098
348.3317445186,0.9922306757,0.9927335852,0.9989308110,0.9965446951,0.9856416165
350.3336510963,0.9993875283,0.9998235576,0.9981641517,0.9993239387,0.9962584622
352.3355576740,1.0018331013,1.0028561834,0.9977298896,0.9992023900,0.9967079331
354.3374642517,1.0011957815,0.9987284375,0.9996727057,0.9984660257,0.9968825366
356.3393708294,1.0003804203,0.9988926513,0.9990976455,0.9994853864,1.0011500786
358.3412774071,0.9999853876,0.9992490290,0.9996758328,0.9994741982,1.0011369052
360.3431839847,1.0005151067,0.9998014243,1.0188492256,0.9998710856,0.9982482863
362.3450905624,0.9925425241,0.9922734595,0.9939223364,1.0000452983,0.9972659105
364.3469971401,0.7713484988,0.9959126496,0.9955645445,0.9993765849,0.9969660706
366.3489037178,0.9000409275,0.9983914985,0.9985340771,0.9980498311,0.9984114160
368.3508102955,0.9645788190,0.9992772721,1.0026823676,0.9953879817,0.9978040312
370.3527168732,0.9864949998,0.9995762211,1.0014398846,0.9986620994,0.9955606343
372.3546234509,0.9959253227,0.9993857584,0.9992658848,0.9994401026,0.9909988190
374.3565300286,0.9984409759,0.9990661681,0.9992807060,0.9984657996,0.9827297745
376.3584366063,0.9990999662,0.9994426042,1.0000733712,0.9984940409,0.9688405331
378.3603431840,0.9991387308,1.0292348004,1.0065632165,0.9978222678,0.9474041193
380.3622497617,1.0003219032,1.0258980219,1.0039660829,0.9958166736,0.9946397600
382.3641563394,0.9996750392,1.0105685649,1.0022442135,0.9997013293,1.0122306473
384.3660629171,0.9996659337,1.0050107272,1.0003712634,0.9907183625,1.0048235823
386.3679694948,0.9999112438,1.0050515904,1.0004303043,1.0080481285,1.0016820918
388.3698760724,0.9994546306,1.0011832770,0.9993317607,1.0019808276,0.9997873051
390.3717826501,0.9991500690,1.0018472184,1.0005993516,0.9990325748,0.9986078088
392.3736892278,0.9993623529,0.9973263526,1.0005786436,0.9979228383,0.9954954963
394.3755958055,0.9994005534,0.9986297912,0.9998707059,0.9978246459,0.9966760461
396.3775023832,0.9991156989,0.9989353019,0.9982941212,0.9989892623,0.9951337828
398.3794089609,1.0002927051,0.9995968974,0.9993651556,0.9995753012,0.9984104294
400.3813155386,0.9887021736,0.9992146728,0.9995624965,0.9998952927,0.9953366526
402.3832221163,1.0040809438,0.9998866776,0.9995133735,1.0000445243,0.9971710467
404.3851286940,1.0024330520,0.9993376879,0.9996106063,1.0000493004,0.9957222119
406.3870352717,1.0016422737,0.9993783285,0.9994745800,0.9988555413,0.9986773573
408.3889418494,1.0004571872,0.9995434691,0.9993563556,0.9986661120,0.9970168999
410.3908484271,1.0001101549,0.9996129806,0.9992318943,0.9997157360,0.9954059330
412.3927550048,0.9993829276,0.9995812734,0.9995211014,0.9997623009,0.9971397232
414.3946615825,0.9993880200,0.9910498625,1.0162400690,0.9950879273,0.9985583663
416.3965681602,0.9995628009,1.0846526151,1.0000931419,1.0121351845,0.9977551163
418.3984747378,0.9996636665,1.0558086190,0.9995639237,1.0035291884,0.9950209217
420.4003813155,1.0001832768,1.0237927543,0.9997052258,1.0009284827,0.9966415368
422.4022878932,1.0022048092,1.0086963044,0.9993187715,1.0013197417,0.9966955503
424.4041944709,1.0016669448,1.0025647371,0.9995024802,1.0018204296,0.9949953455
426.4061010486,1.0005638704,0.9999436743,0.9983092304,0.9981995840,0.9979820019
428.4080076263,0.9978154024,0.9998600744,0.9968372534,1.0125979998,1.0033321684
430.4099142040,0.9995129481,1.0011588968,0.9977816128,1.0156890090,0.9957367266
432.4118207817,1.0016700236,0.9996964014,0.9987612851,1.0121734743,0.9911541654
434.4137273594,1.0010144550,0.9995850315,0.9992533397,1.0126304195,0.9963782866
436.4156339371,1.0000019409,0.9947848809,0.9992729997,1.0026544419,0.9956967193
438.4175405148,1.0009208017,0.9868128971,0.9996180598,1.0000009744,0.9918609638
440.4194470925,0.9956932712,0.9990568034,0.9990727626,0.9986086476,0.9966851096
442.4213536702,0.9977860245,1.0012460394,0.9999591243,0.9983698257,0.9451069354
444.4232602479,0.9998798698,0.9990940264,0.9996234634,0.9978337821,0.9867316610
446.4251668255,1.0010431054,1.0547495044,1.0006493447,0.9985506955,1.0061787123
448.4270734032,1.0002391225,1.0378910307,0.9997898670,0.9992947435,0.9951466304
450.4289799809,1.0018255963,1.0119210885,1.0003552055,0.9991607249,0.9948519695
452.4308865586,1.0000400363,1.0051336437,0.9997965543,0.9998349790,0.9961563190
454.4327931363,1.0011140032,1.0017223588,0.9988738197,1.0000149785,0.9968454182
456.4346997140,1.0005465681,1.0002625672,0.9976755653,0.9993231419,0.9954151726
458.4366062917,0.9998241483,0.9997448705,0.9994912191,0.9978107352,0.9977371037
460.4385128694,1.0000895814,0.9992331819,1.0001228401,0.9946702462,0.9993771089
462.4404194471,0.9994739154,0.9996296167,0.9998142947,0.9990467940,0.9353226979
464.4423260248,1.0003638437,1.0006518965,0.9999933128,1.0019687228,1.0012420931
466.4442326025,1.0019246735,1.0006755791,0.9994667258,0.9986634771,1.0069873375
468.4461391802,0.9999923913,1.0009928543,0.9996945362,0.9976014924,1.0031354478
470.4480457579,0.9983182616,1.0003160007,0.9993156376,0.9987548393,1.0036881266
472.4499523356,0.9997917427,0.9999432771,1.0006965282,0.9979783629,1.0039096029
474.4518589133,1.0006577090,0.9995998108,1.0003481483,0.9990408018,1.0014351664
476.4537654909,1.0015504485,0.9971179297,0.9996709128,0.9981767759,0.9996277203
478.4556720686,1.0007821650,0.9794954092,0.9988620126,0.9982351286,1.0021228201
480.4575786463,1.0006837896,1.0037519937,0.9996263658,0.9992104536,1.0118933548
482.4594852240,0.9988891685,1.0015636585,1.0000333199,0.9992411837,0.9986894281
484.4613918017,0.9992281218,1.0027051080,0.9998287988,0.9999252633,1.0040427276
486.4632983794,0.9992093702,1.0517230286,0.9997923693,0.9982424134,1.0102010919
488.4652049571,0.9993631689,1.0469356168,0.9998345904,0.9976149344,1.0158266098
490.4671115348,0.9991116064,1.0209282822,1.0001938523,0.9990286885,1.0143197540
492.4690181125,0.9997699670,1.0070883919,0.9980260509,0.9993651742,1.0056743542
494.4709246902,0.9950433510,1.0002664816,0.9988929034,0.9986875026,1.0056290616
496.4728312679,0.9981108182,0.9844284338,0.9993592504,1.0025446305,1.0050620027
498.4747378456,0.9995286477,0.9965943709,0.9994478361,0.9989606773,1.0042342604
500.4766444233,1.0028290947,1.0318688796,0.9994752340,0.9979960656,1.0009184800
502.4785510010,1.0025452014,1.0201539099,0.9993689085,0.9979946577,1.0010742644
504.4804575786,1.0010993020,1.0060514485,0.9993102312,0.9994256365,0.9986836072
506.4823641563,1.0014611882,0.9825966473,0.9989955549,0.9996813445,0.9928021832
508.4842707340,1.0025522762,1.0119808503,0.9980075676,0.9998902526,1.0007062709
510.4861773117,1.0006773952,1.0154101262,0.9995876547,1.0017026452,0.9996124038
512.4880838894,1.0031203809,1.0016518416,0.9995263750,0.9272183271,0.9954009820
514.4899904671,0.9996389995,1.0019442964,0.9992874092,0.9878039607,0.9996567955
516.4918970448,1.0006595723,1.0017265063,0.9995676157,1.0102088990,0.9988069629
518.4938036225,1.0003199815,1.0006852564,0.9994263040,1.0204130528,0.9950309253
520.4957102002,1.0000542399,1.0008376008,0.9993483518,1.0305140689,0.9869749613
522.4976167779,0.9993926381,0.9996409606,0.9995222748,1.0420532784,0.9717160692
524.4995233556,0.9994578944,0.9998838841,1.0001409762,1.0527285116,0.9435385192
526.5014299333,0.9991343758,0.9999371559,0.9998939469,1.0575834245,0.9963242266
528.5033365110,0.9990585433,1.0016922301,0.9986389360,1.0182906110,0.9924614653
530.5052430887,0.9992607553,1.0012002423,1.0003882828,1.0126020399,0.9953494156
532.5071496663,0.9974485149,1.0000587251,0.9981850910,1.0036886675,0.9955133781
534.5090562440,0.9946103639,0.9993573640,0.9984066344,0.9993051506,0.9895219943
536.5109628217,0.9966333787,0.9996075298,0.9996926527,0.9996157194,0.9756917485
538.5128693994,0.9981078411,0.9991921381,0.9994927290,1.0019428357,0.9970916098
540.5147759771,0.9990194515,0.9995848318,1.0000166603,1.0052933165,0.9963701630
542.5166825548,0.9994519407,1.0017716186,0.9988257666,1.0144900669,0.9996643918
544.5185891325,0.9993802045,0.9974087344,0.9999752392,1.0155495422,0.9972753624
546.5204957102,1.0034671459,0.9990782349,0.9994757994,1.0140922491,0.9972312906
548.5224022879,0.9943560468,1.0013726529,0.9998174003,1.0015297976,0.9937941482
550.5243088656,0.9976247177,1.0020044386,0.9963226998,0.9991816493,0.9946064679
552.5262154433,0.9963580522,1.0013460900,0.9980228698,0.9993398739,0.9978771792
554.5281220210,0.9852021291,0.9971642244,0.9991111117,0.9999845601,0.9968805399
556.5300285987,0.9966706469,0.9981586068,0.9995482713,0.9997776766,0.9993513360
558.5319351764,0.9986061004,0.9994258964,0.9993531066,1.0001739008,0.9989642339
560.5338417541,0.9988209159,0.9991375198,0.9980881824,0.9987427958,1.0000099927
562.5357483317,0.9990123471,0.9994363227,0.9997595458,0.9974697144,0.9994828473
564.5376549094,0.9993699875,1.0005849206,1.0002311205,0.9987567641,0.9977715990
566.5395614871,0.9995847139,0.9987549306,0.9998400585,0.9993910884,0.9971478487
568.5414680648,0.9996781835,0.9919503276,0.9997676878,0.9990162845,1.0114996953
570.5433746425,0.9997145844,0.9957723375,0.9995631936,0.9971352993,1.0045705672
572.5452812202,0.9997272006,0.9982602118,0.9997712466,0.9997247188,0.9928005761
574.5471877979,0.9997279218,0.9998174812,1.0007129049,0.9983231059,0.9864727953
576.5490943756,0.9993409061,1.0028189751,0.9993212253,0.9990349163,0.9957212275
578.5510009533,0.9990403491,1.0002096574,0.9995083344,0.9980639641,0.9936676053
580.5529075310,0.9993806522,0.9995966817,0.9996380510,0.9978749116,0.9991571225
582.5548141087,0.9990566198,0.9998475848,1.0001977966,0.9983126123,0.9981561271
584.5567206864,0.9993504828,1.0009215704,0.9998256575,0.9989401976,0.9946536500
586.5586272641,1.0005190995,0.9986612446,0.9981576433,0.9986494423,0.9969101413
588.5605338418,1.0003324328,0.9948530977,0.9975072524,0.9973413481,0.9974904417
590.5624404194,0.9997291938,0.9979218933,0.9988727270,0.9939452456,0.9957011051
592.5643469971,0.9996504246,0.9988661107,0.9991995484,0.9861168667,0.9997979084
594.5662535748,0.9994256691,0.9989980077,0.9992560830,0.9990981703,0.9981064361
596.5681601525,1.0014302827,1.0001718574,0.9992847812,0.9983360687,0.9986026071
598.5700667302,0.9995980845,1.0005910173,0.9968275587,0.9981528983,0.9979469995
600.5719733079,1.0018831632,0.9998278450,0.9971981431,0.9991103397,0.8676717717
602.5738798856,0.9995245571,0.9996152343,0.9985925842,0.9981455857,0.9522730562
604.5757864633,0.9977662161,1.0008343416,0.9991674264,0.9987619293,0.9385430300
606.5776930410,1.0002128242,1.0000247697,1.0000384107,0.9995713590,0.9891653853
608.5795996187,0.9988773659,0.9926687130,0.9998188563,0.9999087484,0.9835064009
610.5815061964,0.9990384128,1.0124564802,0.9997306541,0.9998928446,0.9853346988
612.5834127741,0.9993119606,0.9994988905,1.0000008654,0.9975096524,0.9950675965
614.5853193518,0.9995457223,0.9971960550,0.9999898512,0.9980132627,0.9942553774
616.5872259295,0.9993762481,0.9985234639,0.9999177717,0.9991177865,0.9978980685
618.5891325071,0.9966129136,1.0004471154,1.0000761827,0.9991161221,0.9976872732
620.5910390848,0.9972268993,1.0019961149,1.0000760441,0.9982326974,0.9991022397
622.5929456625,0.9988590147,1.0010809598,0.9999661258,0.9993537444,0.9993275872
624.5948522402,0.9921008237,1.0002833488,1.0002265104,0.9995648032,0.9980168324
626.5967588179,1.0103226154,0.9998995048,1.0005598669,0.9983737656,1.0001788854
628.5986653956,1.0019520581,0.9996985750,0.9999872042,0.9990020097,1.0006516233
630.6005719733,1.0010952185,0.9995718826,0.9994196489,0.9996384984,0.9990105940
632.6024785510,1.0000017830,1.0006838587,0.9986393331,0.9994364955,0.9955150909
634.6043851287,0.9994713793,1.0002779356,0.9970089722,0.9984692923,0.9887148602
636.6062917064,0.9995348244,1.0001006178,0.9932652210,0.9984378755,0.9972912427
638.6081982841,0.9993952533,0.9994505569,0.9847424968,0.9979547739,0.9982988726
640.6101048618,1.0009137860,1.0022132038,0.9659251978,0.9989306403,1.0000541813
642.6120114395,0.9973731996,0.9990812142,0.9262808477,0.9989827818,0.9982557697
644.6139180172,1.0082520534,0.9955688520,0.8490847556,1.0016541854,0.9957493516
646.6158245949,1.0073342396,0.9970799543,0.7179256602,0.9980517988,1.0038186111
648.6177311725,1.0026054600,0.9986778613,0.9929329071,0.9988272452,1.0009286908
650.6196377502,1.0004690142,0.9952908726,0.9866148197,1.0011368570,0.9995788662
652.6215443279,1.0005711875,0.9953013193,0.9992796554,0.9975756636,0.9997046421
654.6234509056,1.0005437193,0.9974272748,1.0004924931,0.9989119435,0.9997230659
656.6253574833,0.9997352837,0.9987108249,1.0245658170,0.9992740071,0.9999047939
658.6272640610,0.9998652676,1.0001430032,1.0105642816,0.9999950967,0.9998921902
660.6291706387,0.9992600941,1.0003896509,1.0054154344,0.9981196157,1.0004477277
662.6310772164,1.0003112942,1.0002650832,1.0017181528,1.0073391178,0.9991805673
664.6329837941,1.0026485142,0.9995801477,1.0004727768,1.0020247230,0.9959029993
666.6348903718,1.0023657886,0.9995052209,1.0000010158,0.9999640809,0.9906415100
668.6367969495,1.0005159632,0.9994119775,1.0001629900,1.0050303253,0.9814194341
670.6387035272,0.9936784395,0.9992404167,1.0002091109,1.0040534271,0.9974091828
672.6406101049,0.9993585999,0.9998523237,0.9998854462,1.0018897911,0.9978603072
674.6425166826,0.9991314642,1.0029323172,0.9995955283,1.0008148368,0.9590986265
676.6444232602,1.0005735591,1.0007467388,0.9994623385,1.0000726400,0.8588853455
678.6463298379,0.9937561534,1.0019740065,0.9993006572,0.9995227761,0.9014269765
680.6482364156,0.9983924667,0.9992232496,0.9987576982,1.0001493662,0.9717807893
682.6501429933,0.9989739595,1.0003674303,0.9995647168,0.9985173697,0.9861521080
684.6520495710,0.9992846038,0.9965047105,1.0000287100,0.9995617061,0.9919497545
686.6539561487,0.9991747181,0.9992881734,0.9997914885,1.0003060375,0.9913553525
688.6558627264,0.9990096864,0.9919758919,0.9996123611,1.0036947867,1.0068386964
690.6577693041,0.9992882181,0.9992435688,0.9995678890,1.0067986842,0.9977777527
692.6596758818,0.9990053069,1.0002734348,0.9994086547,1.0013351750,0.9899758163
694.6615824595,0.9993667948,1.0003195168,0.9993482985,0.9787614811,0.9972271308
696.6634890372,0.9968648089,0.9998689197,0.9995566654,1.0043694399,0.9987493526
698.6653956149,0.9936874894,0.9993053723,0.9994628845,1.0074829451,1.0141493749
700.6673021926,0.9979501165,0.9991557604,0.9997964540,1.0036229139,1.0050581595
702.6692087703,1.0004320918,0.9993958568,1.0006340082,0.9985760019,1.0018871062
704.6711153480,0.9997363032,0.9993115848,1.0003077489,0.9987924972,1.0046538718
706.6730219256,0.9949666773,0.9989648763,1.0000827854,0.9989229908,1.0064881823
708.6749285033,0.9958095648,1.0015315912,0.9963408327,0.9988715377,1.0022120141
710.6768350810,0.9976294671,0.9995490682,1.0099436248,0.9982004630,1.0002548394
712.6787416587,0.9987822443,1.0024509379,1.0153129070,0.9965975949,1.0016168350
714.6806482364,0.9991491965,0.9948726848,0.9997419162,0.9929118501,1.0008564295
716.6825548141,1.0325979776,1.0063709435,1.0006920703,0.9993113687,1.0010241676
718.6844613918,1.0193361446,1.0026576920,1.0020303793,0.9984169628,0.9992438619
720.6863679695,1.0084503927,1.0007591959,1.0001622247,0.9993598922,0.9961245529
722.6882745472,1.0029195973,0.9998420546,1.0002229961,0.9978263801,0.9904049666
724.6901811249,1.0014624005,0.9992272594,1.0006999193,0.9984906615,0.9976640231
726.6920877026,0.9464385827,0.9995227059,1.0001055032,0.9981816400,0.9948030967
728.6939942803,0.9738668695,0.9991125015,0.9994763415,0.9990542291,0.9866197046
730.6959008580,0.9936464692,0.9991883110,0.9995409397,0.9988860293,0.9707893265
732.6978074357,0.9979715549,0.9993468340,0.9995681587,0.9988190812,0.9963312968
734.6997140133,0.9988958321,1.0003037770,0.9996758678,1.0014384961,0.9968993001
736.7016205910,0.9990167294,1.0004405816,0.9936380315,1.0005305853,0.9973502354
738.7035271687,0.9989792616,0.9997726234,0.9958162831,1.0010208543,0.9966051644
740.7054337464,0.9992517703,0.9996344504,0.9981819838,1.0092888681,0.9974136676
742.7073403241,0.9991174734,1.0003104228,0.9951840939,1.0043609834,1.0103128283
744.7092469018,0.9990120215,1.0013313947,0.9964812713,1.0005638627,0.9988238727
746.7111534795,1.0001871019,1.0005298345,0.9984907250,1.0007251718,0.9991907525
748.7130600572,0.9903108137,1.0005291741,0.9991462345,0.9999210326,0.9970063929
750.7149666349,0.9957644779,1.0020407048,0.9972854114,1.0002069103,0.9976826198
752.7168732126,1.0004409981,1.0012703704,0.9971093983,0.9996730246,1.0226832232
754.7187797903,0.9941279063,1.0243563554,0.9983599941,0.9986753537,0.9877350382
756.7206863680,0.9966371241,1.0125358684,0.9901269461,0.9967112051,0.9975092635
758.7225929457,0.9985233629,1.0049055877,0.9972530108,0.9975745403,0.9932057791
760.7244995234,0.9987522096,1.0023993041,0.9978167032,1.0119460790,0.9943241390
762.7264061010,0.9992112515,1.0019923818,0.9987406775,1.0015762836,0.9969649125
764.7283126787,0.9946643978,1.0006986566,0.9551102005,0.9997104335,1.0047512773
766.7302192564,1.0012558159,0.9999770860,1.0003655018,0.9981913182,0.9923731776
768.7321258341,1.0014219272,0.9996047252,1.0056503849,0.9953886252,0.9990084523
770.7340324118,1.0009269104,0.9995083521,1.0052801458,0.9922425553,0.9982184839
772.7359389895,1.0020821697,1.0016901474,1.0050482224,1.0041811024,0.9976301649
774.7378455672,1.0002626450,1.0032844341,1.0059735776,1.0052907346,0.9969785431
776.7397521449,0.9934178068,1.0018195235,1.0005590284,0.9971131975,0.9983498825
778.7416587226,1.0121548267,1.0006020085,1.0000090779,0.9997138981,0.9987101006
780.7435653003,1.0055147913,1.0004246386,1.0000381472,0.9984143259,0.9998507865
782.7454718780,1.0023945558,0.9964089727,0.9980718821,0.9979789245,0.9986210482
784.7473784557,1.0005776348,0.9978517135,0.9988399556,0.9991604044,0.9962576062
786.7492850334,0.9997819744,0.9987411943,0.9993239468,0.9973175620,0.9991350401
788.7511916111,0.9990560983,0.9999521627,0.9996089343,0.9984039005,0.9974723913
790.7530981888,0.9881712511,1.0024131412,0.9935533786,0.9991652848,0.9927108539
792.7550047664,1.0058199126,1.0021573286,1.0017095149,0.9996980817,0.9982010857
794.7569113441,1.0026924713,1.0002786871,1.0013599084,0.9990466481,0.9974048153
796.7588179218,0.9980847127,0.9994387518,0.9997504793,0.9999547325,0.9935231900
798.7607244995,0.9970656171,0.9992862471,1.0006243449,0.9999825242,0.9996847133
800.7626310772,1.0005506956,0.9993372946,0.9989860052,1.0000439420,0.9987700884
802.7645376549,0.9938580394,0.9990467139,0.9973544603,0.9949336285,1.0002523709
804.7664442326,0.9969922917,0.9994185193,0.9986744715,0.9965262883,1.0000412268
806.7683508103,0.9980222584,0.9991336567,0.9993818250,0.9975669619,0.9958967815
808.7702573880,0.9995151902,1.0000967908,0.9994894421,0.9988932133,0.9968221411
810.7721639657,0.9992022785,0.9998596348,0.9998641243,0.9994713105,0.9966014428
812.7740705434,0.9994220672,0.9966465222,0.9999414466,0.9989190564,0.9957137414
814.7759771211,0.9990821333,0.9982732976,0.9996695513,0.9976600511,0.9985883134
816.7778836988,0.9993508186,0.9953634436,0.9985606077,0.9950567197,0.9985125274
818.7797902765,0.9980609752,0.9896819081,0.9980169248,0.9892808497,0.9971823421
820.7816968541,0.9936031688,0.9961527139,0.9986409257,0.9988527022,0.9995939805
822.7836034318,0.9959878978,0.9976047663,0.9993129181,0.9976832280,0.9993052994
824.7855100095,0.9979736402,0.9987039093,0.9995267712,0.9983428106,0.9976537919
826.7874165872,0.9990136725,0.9989697283,0.9994670050,1.0025959731,1.0002732334
828.7893231649,0.9992283865,0.9989491779,0.9994797493,1.0006186760,1.0001735653
830.7912297426,1.0013040767,0.9992487261,0.9995771010,1.0032860737,1.0000763847
832.7931363203,1.0010812149,1.0016896568,0.9997128468,0.9986971122,0.9980673245
834.7950428980,1.0000279082,0.9990757964,0.9997908756,0.9993286584,0.9947152478
836.7969494757,0.9994795847,1.0010415418,1.0002223459,0.9982821585,0.9886632446
838.7988560534,0.9991262206,0.9995961721,0.9999118170,0.9996332286,0.9971183475
840.8007626311,0.9993298228,0.9992400265,0.9996450269,0.9966931543,0.9941779452
842.8026692088,0.9990224430,0.9992893773,0.9994970320,0.9978988439,0.9998014651
844.8045757865,0.9993689334,0.9992936940,0.9992996034,0.9982463316,0.9983884737
846.8064823642,1.0014567274,0.9990219518,0.9999314139,1.0031012141,0.9960447462
848.8083889418,0.9997037293,0.9991834433,1.0011811764,1.0076343103,1.0265470585
850.8102955195,0.9974195297,0.9992178627,1.0005956402,1.0017159967,0.9541631973
852.8122020972,0.9988394492,0.9998165617,1.0001755422,0.9973575076,0.9939004543
854.8141086749,0.9995520844,0.9957281198,1.0011046523,0.9985219017,0.9963054305
856.8160152526,0.9992320344,0.9963059223,1.0010051339,1.0009142110,0.9955425354
858.8179218303,0.9991441009,0.9987427488,1.0000327468,0.9979144841,0.9930412749
860.8198284080,0.9994066113,1.0016040594,0.9998247613,0.9981060993,0.9969744652
862.8217349857,0.9995943764,0.9985959291,0.9987414552,0.9976325285,0.9965398873
864.8236415634,0.9994760452,1.0000630759,0.9999754873,0.9958938571,0.9943237479
866.8255481411,0.9991342763,1.0005831196,0.9999693998,0.9996310962,0.9970780984
868.8274547188,0.9999697200,1.0006726371,0.9998819653,0.9992319917,1.0067699671
870.8293612965,1.0005941494,0.9999796392,1.0009019488,0.9985021843,0.9925037704
872.8312678742,0.9972659691,0.9999674385,0.9993046357,0.9976942240,0.9837782143
874.8331744519,0.9841934818,1.0006310315,1.0020783523,0.9989183286,0.9965327422
876.8350810296,0.9898239450,0.9913488371,1.0010876081,0.9992531016,0.9731935947
878.8369876072,0.9941613150,0.9943136907,1.0003923357,0.9998776118,0.9881820443
880.8388941849,0.9904349694,0.9977659917,1.0006860681,0.9995030408,0.9942570438
882.8408007626,0.9973530654,0.9984264009,1.0004101675,1.0000849025,0.9972550341
884.8427073403,0.9995289216,0.9989664757,0.9998075510,0.9984875674,0.9951336339
886.8446139180,1.0095321826,0.9991067025,1.0003086274,1.0014796008,0.9980895261
888.8465204957,0.9097722067,0.9989780965,1.0002233463,0.9980212993,0.9960918691
890.8484270734,0.9732824779,0.9993080386,0.9997413769,1.0088004529,0.9948187350
892.8503336511,0.9911754004,0.9990232517,0.9996577226,1.0027830140,0.9989857478
894.8522402288,0.9967540591,0.9898133304,0.9995612433,0.9989450502,1.0008542832
896.8541468065,0.9986576191,1.0086332630,0.9997583713,0.9985824351,0.9981243497
898.8560533842,0.9993376486,1.0060464914,1.0000500187,1.0017290491,0.9978829599
900.8579599619,0.9993973821,1.0038352871,0.9998000399,1.0018402997,0.9965632936
902.8598665396,0.9973024836,1.0018309504,0.9997451741,1.0006327769,0.9960931311
904.8617731173,1.0161874563,1.0037048856,0.9965864547,0.9998216671,0.9990816611
906.8636796949,1.0013311702,1.0002171755,0.9912409611,0.9983992638,0.9958152577
908.8655862726,0.9962057463,1.0007140063,1.0227639060,0.9991469118,0.9943151216
910.8674928503,1.0001351310,1.0000424586,1.0110895839,0.9993366105,0.9979674833
912.8693994280,0.9921645826,0.9961549644,1.0039044422,0.9987570257,0.9983520662
914.8713060057,0.9985087274,0.9951444161,1.0015129254,0.9997342638,0.9974001471
916.8732125834,0.9999082426,0.9927914286,1.0007081644,0.9999470022,0.9968456270
918.8751191611,1.0007558951,0.9842065198,1.0002120032,0.9993206138,0.9989818760
920.8770257388,0.9989124161,0.9910518000,1.0001995463,0.9996764317,0.9998624601
922.8789323165,1.0010384706,0.9965031350,0.9998233085,1.0000548252,0.9994139224
924.8808388942,1.0001880087,0.9990207569,0.9997803062,0.9995839643,1.0000399228
926.8827454719,0.9995808624,0.9958622417,0.9995019100,0.9999618964,1.0122375288
928.8846520496,1.0514940025,0.9920418334,0.9993893158,1.0000281483,1.0050433409
930.8865586273,0.9968246465,0.9967711469,1.0049940477,1.0000849264,0.9912060285
932.8884652050,1.0005344048,0.9980053961,1.0060022655,0.9993442149,0.9989942011
934.8903717827,1.0001590243,0.9993108170,1.0059570747,1.0000397078,0.9986978314
936.8922783603,0.9998951374,1.0008677289,1.0010405213,0.9988737285,1.0023936375
938.8941849380,0.9995725149,1.0008485494,1.0006510252,0.9996459255,1.0034974993
940.8960915157,0.9991568878,1.0001254286,1.0006444141,0.9998209967,1.0016558836
942.8979980934,0.9995008919,1.0009349344,1.0002098733,0.9981378737,0.9960094976
944.8999046711,0.9991732409,0.9992454766,0.9997740731,0.9965509927,0.9850409633
946.9018112488,0.9995919560,1.0017562884,0.9997870772,0.9984069911,0.9952761138
948.9037178265,1.0001844698,0.9989113501,0.9997502898,0.9990791215,0.9911184444
950.9056244042,1.0003006274,0.9990558922,1.0001517223,0.9996336108,0.9989998969
952.9075309819,1.0002999095,0.9991092230,0.9997694982,0.9998859193,0.9969609135
954.9094375596,1.0012406449,0.9993101394,0.9995072886,0.9992028132,0.9965910722
956.9113441373,1.0003527657,1.0002193795,0.9999827963,0.9995440026,0.9960876940
958.9132507150,1.0000656692,1.0000285766,1.0012552277,0.9982983125,0.9972705277
960.9151572927,1.0005898040,0.9994978894,1.0005589414,0.9996245320,0.9997305260
962.9170638704,0.9999531330,0.9994271673,0.9999887650,1.0006213882,0.9940307897
964.9189704480,0.9997795378,0.9886215508,0.9997024939,0.9985014700,0.9970802828
966.9208770257,0.9992266071,1.0055228552,0.9997025910,0.9973514100,0.9972769808
968.9227836034,1.0008667371,1.0019126740,0.9999997357,0.9957910690,0.9992902093
970.9246901811,1.0035093484,1.0024302449,1.0004037127,0.9931097465,0.9992538890
972.9265967588,1.0023256935,0.9976587837,0.9997564011,0.9986228104,0.9969367370
974.9285033365,1.0006602162,0.9964813609,1.0038584309,0.9975995846,0.9995163561
976.9304099142,1.0024374732,0.9997521686,1.0031371809,0.9988143810,1.0009562946
978.9323164919,1.0001578660,0.9983935532,0.9991445171,0.9993001640,0.9953857845
980.9342230696,0.9996325133,0.9995511404,0.9973314048,0.9999241553,0.9961110787
982.9361296473,0.9992521371,1.0013659231,0.9976211595,0.9996206858,0.9982854542
984.9380362250,0.9994146806,0.9969574797,0.9993303777,0.9993273006,0.9977090201
986.9399428027,0.9939574847,0.9982584032,0.9985729530,0.9976948435,0.9998389443
988.9418493804,1.0031633587,0.9990077739,0.9990791878,0.9985188785,0.9975046510
990.9437559581,1.0001447242,0.9980480769,0.9998460251,0.9992292990,0.9959093762
992.9456625357,0.9996780050,1.0017707008,0.9997215807,1.0041116217,0.9968149372
994.9475691134,0.9995103114,0.9989951087,0.9996063609,0.9987013721,0.9974411877
996.9494756911,0.9991443152,0.9991906250,1.0000756281,0.9965014516,0.9987824802
998.9513822688,0.9990893104,0.9991145752,0.9997702615,0.9943498350,1.0150735363
1000.9532888465,0.9993798228,0.9993763926,0.9997492742,0.9905897882,0.9998119554
1002.9551954242,0.9992732042,0.9995808165,0.9994904347,0.9833352313,1.0032849406
1004.9571020019,0.9989822535,0.9994637826,0.9997160964,0.9692450393,1.0011347658
1006.9590085796,1.0060575618,1.0000925042,1.0005949929,0.9977739775,1.0023281244
1008.9609151573,1.0146394512,0.9999770769,0.9995085630,0.9973080293,1.0014997535
1010.9628217350,1.0053220914,0.9994300999,0.9992660578,0.9987241177,0.9990713085
1012.9647283127,1.0021915176,0.9994584744,0.9541307629,0.9977147153,1.0003786660
1014.9666348904,1.0005459470,0.9992612367,0.9842160163,0.9989356426,0.9995650833
1016.9685414681,0.9995335476,0.9990312089,0.9928670187,0.9992102905,0.9985281453
1018.9704480458,1.0005545947,0.9992659373,0.9948779105,0.9986024551,1.0104586904
1020.9723546235,0.9971428516,0.9995073922,1.0007946219,0.9965668927,0.9992827730
1022.9742612011,0.9971816988,0.9994650219,0.9998528554,0.9997804529,0.9998456863
1024.9761677788,0.9994115499,1.0000813600,0.9992920456,0.9993789115,0.9991353870
1026.9780743565,1.0017892953,1.0004498385,0.9994843542,0.9988139757,0.9995891465
1028.9799809342,0.9996567463,0.9992298864,1.0000132651,1.0022394067,0.9977754333
1030.9818875119,1.0021178315,0.9996938365,1.0006543385,1.0001897324,0.9939801881
1032.9837940896,1.0014078218,0.9928563642,1.0001205235,0.9993967819,0.9872892181
1034.9857006673,0.9998682515,1.0138487179,0.9994880295,0.9994356468,0.9971698539
1036.9876072450,0.9993023637,1.0036838796,0.9998894690,1.0042845567,0.9984844501
1038.9895138227,1.0020718224,1.0027405116,0.9918050826,0.9986629283,0.9973643088
1040.9914204004,1.0002164253,1.0013777459,0.9927983023,1.0000393284,0.9966551333
1042.9933269781,1.0009502215,1.0001491283,0.9971930796,0.7734992637,0.9984211634
1044.9952335558,0.9965884480,0.9993938550,0.9942918703,0.8188452188,0.9991667987
1046.9971401335,0.9983341681,0.9996866894,0.9940945399,0.9858758498,0.9957997191
1048.9990467112,1.0001179037,1.0201058481,0.9971820445,0.9662569155,0.9974771609
1051.0009532888,0.9997824938,1.0116699261,0.9962195458,0.9925631327,0.9983743752
1053.0028598665,0.9950688273,1.0044773792,1.0000292663,0.9981751938,0.9997272269
1055.0047664442,0.9973024387,1.0037996959,1.0047696097,0.9990182170,0.9989316936
1057.0066730219,0.9991167967,1.0027965455,1.0014503248,0.9997857268,0.9966855688
1059.0085795996,0.9991244495,1.0011536475,1.0004981991,0.9994624385,0.9993365266
1061.0104861773,0.9999745428,1.0002472876,1.0000294260,0.9984489370,0.9996069519
1063.0123927550,1.0010417098,0.9998279454,0.9997406408,0.8947726897,0.9985854371
1065.0142993327,0.9999507630,0.9995569549,0.9997041042,1.0250678700,0.9973598018
1067.0162059104,0.9993825786,1.0013133225,0.9995694274,1.0043425553,0.9947001888
1069.0181124881,0.9994304465,1.0026114421,0.9996547594,1.0041170713,1.0022503950
1071.0200190658,1.0003955018,1.0000973834,0.9998759968,1.0081748299,1.0009488932
1073.0219256435,1.0001684423,0.9993897646,0.9996078961,1.0119112725,0.9992611690
1075.0238322212,1.0006386627,1.0008901194,0.9999473194,1.0150769685,0.9984298588
1077.0257387989,1.0000075201,0.9952808112,0.9998405815,1.0188163838,0.9963048746
1079.0276453765,0.9997869499,0.9974179143,0.9996560631,0.9994039471,0.9935902318
1081.0295519542,0.9997433807,0.9987163373,0.9994460556,0.9990114654,0.9887609878
1083.0314585319,0.9995946581,0.9999429590,0.9988175880,0.9974405687,0.9968114139
1085.0333651096,1.0022474151,1.0136310407,0.9960328445,0.9988346082,0.9981846387
1087.0352716873,1.0030505673,1.0038191540,0.9984973297,0.9988401241,1.0000841099
1089.0371782650,1.0015301057,0.9867513920,0.9989931173,1.0103987366,0.9995823995
1091.0390848427,1.0001240326,0.9922583300,0.9991840116,1.0067327150,0.9979124641
1093.0409914204,0.9999238051,0.9990932843,0.9992289672,1.0046513860,0.9968891707
1095.0428979981,0.9874755698,0.9991126897,0.9995069075,1.0040806326,0.9977422028
1097.0448045758,0.9942644921,0.9990019864,0.9995477484,1.0043331551,0.9990766725
1099.0467111535,0.9968693990,0.9994736321,0.9998113656,0.9994548204,0.9984433412
1101.0486177312,0.9980986902,0.9991039732,0.9977906807,0.9997504657,0.9996116450
1103.0505243089,0.9989433855,0.9992505129,0.9990841601,0.9987289600,0.9979090790
1105.0524308866,0.9994080182,0.9999784169,0.9993474295,0.9985829191,1.0003906087
1107.0543374643,0.9965015832,1.0021967959,0.9969521438,0.9978525385,0.9976700134
1109.0562440419,0.9956003217,0.9998059318,1.0031021477,0.9995916688,0.9975668360
1111.0581506196,0.9992458783,0.9976806082,1.0092256276,0.9997392732,1.0240001783
1113.0600571973,0.9993225562,0.9999205700,1.0044051812,0.9998079936,1.0143905576
1115.0619637750,0.9991463092,0.9943819816,1.0023711833,0.9977511389,1.0047353126
1117.0638703527,1.0221520221,1.0008837525,1.0015139933,0.9986378078,0.9999730764
1119.0657769304,1.0161135196,0.9993414840,0.9986953551,0.9993917757,1.0015031083
1121.0676835081,1.0012983135,0.9991651913,1.0312903201,0.9992551814,1.0021944753
1123.0695900858,1.0011269668,0.9991841605,1.0140803417,0.9966791810,1.0015402379
1125.0714966635,1.0007325234,1.0000408024,1.0011501739,0.9979759303,1.0002416720
1127.0734032412,0.9999606425,0.9997199154,1.0017371030,0.9971279999,1.0002647703
1129.0753098189,1.0204117651,1.0017605023,1.0008784683,0.9988887110,1.0003013609
1131.0772163966,1.0103611604,1.0019170128,0.9981255510,1.0062170656,1.0008798300
1133.0791229743,1.0026193144,1.0008041164,0.9992948267,1.0009312319,1.0002220562
1135.0810295520,0.9955224273,1.0001390181,0.9994315241,1.0011438937,1.0008359576
1137.0829361296,0.9969536567,0.9996684666,0.9956809234,1.0017952323,1.0001153384
1139.0848427073,0.9996294804,1.0009112324,1.0016849488,1.0022804141,1.0011526183
1141.0867492850,1.0000049957,1.0001699815,1.0004459807,1.0024273310,0.9998759405
1143.0886558627,0.9998681129,0.9991623263,0.9999684071,0.9990580775,0.9976422343
1145.0905624404,1.0012961725,1.0012175997,1.0001255886,1.0058448716,0.9999643703
1147.0924690181,1.0005733466,0.9971229802,1.0002248673,1.0009012075,0.9967622962
1149.0943755958,0.9998127949,1.0192542394,0.9998803416,1.0039141162,0.9953798548
1151.0962821735,0.9993923012,1.0079260916,0.9999971490,1.0048942195,1.0013703440
1153.0981887512,1.0002443620,1.0035469840,1.0004255240,1.0108431988,1.0017181821
1155.1000953289,0.9995574589,1.0071365132,0.9998692129,1.0033686405,0.9996738077
1157.1020019066,0.9997011579,1.0027695542,1.0002273446,1.0016152034,0.9992528933
1159.1039084843,1.0024361442,0.9933668680,0.9999714564,1.0013993707,0.9995964862
1161.1058150620,1.0033699079,0.9977532105,0.9997821200,1.0004400838,0.9985305538
1163.1077216397,0.9999425266,0.9983313199,0.9974687945,0.9997803883,0.9966502314
1165.1096282173,1.0000080807,0.9988447943,0.9939351973,1.0002384649,0.9987952829
1167.1115347950,0.9931447931,0.9993004257,1.0025640051,0.9998441917,0.9966695436
1169.1134413727,0.9954182247,0.9991808035,1.0011784243,1.0002812025,1.0164334813
1171.1153479504,0.9977464755,0.9990066716,0.9997722273,0.9978396621,0.9998188432
1173.1172545281,0.9870774093,0.9992623837,0.9977866662,0.9983708129,0.9940108989
1175.1191611058,0.9857583566,0.9993644788,0.9889026164,0.9994605807,0.9971156238
1177.1210676835,0.9946255414,0.9991040192,0.9934692954,1.0020354015,0.9961901520
1179.1229742612,0.9901973300,0.9990863428,0.9969048582,0.9989231600,0.9980958588
1181.1248808389,0.9935845327,0.9993750191,0.9901600535,0.9991412443,0.9988900560
1183.1267874166,0.9972870219,0.9994159704,0.9954414436,0.9989356860,0.9988666380
1185.1286939943,0.9986063143,1.0006123894,0.9983722850,0.9993709718,0.9976539432
1187.1306005720,0.9954570222,0.9951354243,0.9996559349,0.9998997063,0.9954158461
1189.1325071497,0.9982961916,0.9960868121,0.9994700080,0.9996004308,0.9960467377
1191.1344137274,0.9991478599,0.9976759583,0.9976855730,0.9999231665,0.9984106034
1193.1363203051,1.0017973279,0.9985005907,0.9991921796,1.0002442431,0.9991826311
1195.1382268827,1.0017204469,0.9991104210,0.9991291613,0.9979822367,0.9994569483
1197.1401334604,1.0002502184,0.9990031221,0.9996250196,0.9985144170,0.9973093277
1199.1420400381,0.9994496869,0.9994124647,0.9996427976,0.9984345861,0.9999275153
1201.1439466158,0.9996659964,0.9955831244,1.0120608188,0.9984800436,0.9995129831
1203.1458531935,1.0009544966,0.9962243786,0.9955545417,0.9988373875,1.0006926901
1205.1477597712,1.0010092239,0.9988727771,1.0017027391,0.9993306454,0.9996022742
1207.1496663489,1.0002070175,0.9934660896,1.0503757392,0.9999828149,1.0207217332
1209.1515729266,0.9998828369,0.9981270713,1.0322845350,0.9997887700,1.0125378842
1211.1534795043,0.9997826240,0.9998854500,1.0120372127,1.0002124643,1.0025967426
1213.1553860820,0.9993946294,1.0013807874,1.0046490814,0.9997379422,0.9997939470
1215.1572926597,1.0009870411,1.0000692787,1.0019216821,1.0001015562,1.0004694222
1217.1591992374,1.0002563366,0.9994009651,1.0011740140,0.9995847686,1.0005773769
1219.1611058151,0.9998270394,0.9992245868,1.0008585949,1.0000438633,1.0002513080
1221.1630123928,0.9999583046,0.9994405901,1.0001754916,0.9996103936,0.9988853256
1223.1649189704,1.0114196785,0.9995935937,0.9999311424,0.9987388166,0.9959249054
1225.1668255481,0.9981161703,0.9992885164,0.9981596536,0.9977817373,0.9980763389
1227.1687321258,0.9997651655,0.9990435972,0.9993291022,0.9984819612,0.9988511553
1229.1706387035,1.0016036065,0.9992702227,0.9994245556,0.9982160118,0.9996280768
1231.1725452812,0.9971329513,1.0006222777,0.9988225179,0.9983779952,0.9962391549
1233.1744518589,0.9992009505,1.0032191355,0.9994465367,0.9695481447,1.0143308437
1235.1763584366,1.0007460796,0.9944683287,0.9994662133,0.9913755849,0.9996122128
1237.1782650143,1.0011109547,1.0004705911,0.9995527421,1.0025020846,1.0112874247
1239.1801715920,1.0001250655,1.0017142686,0.9993964648,1.0045014922,1.0219412715
1241.1820781697,1.0008593948,0.9998780201,0.9995744872,0.9995580348,1.0049189271
1243.1839847474,1.0006882449,1.0014248360,0.9991097810,0.9989533148,1.0059640793
1245.1858913251,0.9999379139,1.0007735993,0.9999672743,1.0016633276,0.9975901495
1247.1877979028,0.9996210325,0.9998404562,0.9998312457,1.0037088508,0.9982175563
1249.1897044805,0.9904221251,1.0004050311,0.9998924639,0.9997121909,0.9981948449
1251.1916110582,0.9921053378,1.0009995821,0.9987857446,0.9993259047,0.9987958921
1253.1935176358,0.9966144869,1.0007897568,0.9996201913,0.9986056736,0.9995124942
1255.1954242135,1.0000407845,1.0009993038,1.0000781515,0.9987130524,0.9981986429
1257.1973307912,1.0014515679,1.0037472372,0.9997372841,0.9994052727,0.9999741101
1259.1992373689,1.0002243703,1.0000108382,0.9996470399,0.9998071210,0.9996653484
1261.2011439466,0.9995392608,0.9994057077,1.0001533581,1.0015045774,0.9976343754
1263.2030505243,1.0000866945,0.9995811439,1.0000588337,1.0050024155,0.9966604345
1265.2049571020,1.0003340442,1.0013292873,0.9999970833,0.9986267555,0.9960655939
1267.2068636797,0.9997937989,1.0008674103,0.9997988277,0.9990641952,0.9980858489
1269.2087702574,0.9993241392,1.0001489315,0.9995027034,0.9989761966,1.0024275058
1271.2106768351,0.9993514382,0.9998537572,0.9995924890,0.9993899360,1.0011028091
1273.2125834128,0.9999542446,0.9997249484,1.0000887021,0.9999266530,0.9100272206
1275.2144899905,0.9994267551,0.9994793220,0.9978191122,0.9979044969,0.9769708502
1277.2163965682,0.9992110903,0.9981651390,0.9974865886,1.0006134082,0.9810213862
1279.2183031459,1.0001030392,0.9976802567,0.9991325889,0.9990895053,0.9898783741
1281.2202097235,0.9952829814,0.9989605603,0.9978545670,0.9998294348,0.9914903466
1283.2221163012,1.0044279699,0.9863828431,0.9975021667,1.0072760205,0.9966220994
1285.2240228789,1.0011509319,1.0011295592,0.9992510638,1.0079524308,0.9969722631
1287.2259294566,1.0021294167,0.9984447315,0.9980223524,1.0015332542,0.9991713462
1289.2278360343,1.0033482407,0.9985482673,0.9972799446,0.9981474877,0.9996364828
1291.2297426120,1.0006805089,0.9991303088,0.9987027568,0.9970945986,0.9977558743
1293.2316491897,0.9996517109,1.0011463207,0.9992548951,0.9980667250,0.9938936351
1295.2335557674,0.9997103381,1.0009696531,0.9995153208,0.9978150041,0.9867172557
1297.2354623451,1.0003766322,1.0004560095,0.9994295231,0.9980796963,0.9740528972
1299.2373689228,0.9901555088,0.9939324612,0.9992957542,1.0003935893,0.9974023777
1301.2392755005,0.9998706927,0.9963389419,0.9991964139,0.9989471671,1.0050482025
1303.2411820782,1.0003880178,0.9983254028,0.9995435098,1.0016680417,1.0034229328
1305.2430886559,1.0000274023,0.9986657618,0.9994505141,0.9990048424,1.0003768435
1307.2449952336,0.9999515549,0.9990217896,0.9993445318,0.9996112382,1.0017329317
1309.2469018112,1.0012213811,0.9993852314,0.9995384114,0.9990330125,1.0025037618
1311.2488083889,0.9994693341,1.0006844006,1.0001220360,0.9999205343,1.0013417179
1313.2507149666,0.9997656780,0.9886526925,1.0001582666,0.9985599307,1.0002849362
1315.2526215443,0.9996711359,0.9990222045,0.9997157947,0.9994770040,0.9966607222
1317.2545281220,0.9994226256,0.9997449598,0.9996828703,0.9987722336,0.9969889634
1319.2564346997,0.9990605356,1.0187372966,0.9999858444,0.9982734791,0.9960283240
1321.2583412774,0.9939289125,1.0006436794,0.9998733446,0.9981389901,1.0062941491
1323.2602478551,1.0002129220,0.9987371454,0.9999851790,0.9978467277,1.0057880841
1325.2621544328,1.0028068590,0.9991236120,0.9996352330,0.9984653894,1.0024523990
1327.2640610105,1.0001808993,0.9992895207,0.9994405797,0.9991808012,0.9989422423
1329.2659675882,1.0002576175,0.9991168905,0.9991330741,0.9979744096,0.9984531936
1331.2678741659,1.0000411549,0.9990410747,0.9983168085,0.9983937707,0.9976622660
1333.2697807436,0.9999674859,0.9993240947,0.9996249292,0.9945698112,0.9947159472
1335.2716873213,1.0012953618,1.0002638714,1.0000790039,1.0029339771,0.9969988306
1337.2735938990,1.0011029833,1.0015967376,0.9998074341,1.0107094014,0.9987132682
1339.2755004766,1.0002721866,1.0008053757,1.0027354410,1.0122478887,1.0007755762
1341.2774070543,1.0008737132,0.9997737432,1.0321783308,1.0010379261,1.0112820443
1343.2793136320,0.9907681835,0.9992144969,1.0122980950,1.0001861713,1.0016351235
1345.2812202097,0.9940511719,0.9999668295,1.0038477460,0.9980325050,1.0070945640
1347.2831267874,0.9974112455,0.9911671166,1.0095307485,0.9986198244,1.0092822756
1349.2850333651,0.9984031953,0.9965832821,1.0086377243,0.9989917701,1.0038227664
1351.2869399428,0.9987471943,0.9990474210,1.0035267475,0.9985880430,1.0026361847
1353.2888465205,0.9968996711,1.0004492592,1.0002115548,0.9995985878,1.0009978914
1355.2907530982,0.9977049657,0.9992201920,1.0002013076,0.9995628783,1.0013867737
1357.2926596759,0.9960133661,1.0011364059,1.0006566734,0.9998835826,1.0001610131
1359.2945662536,0.9987380308,0.6332813381,1.0003104510,0.9980100513,1.0005350513
1361.2964728313,1.0007654338,0.8660358838,0.9998303685,0.9986728105,0.9999897091
1363.2983794090,1.0002991540,0.9470621178,1.0103725621,0.9986637831,0.9971654487
1365.3002859867,1.0002293029,0.9935125792,1.0045111610,0.9977233672,0.9979233814
1367.3021925643,0.9997476042,0.9888853676,1.0015176777,0.9981172326,0.9970614142
1369.3040991420,0.9992694590,0.9988540484,0.9983250443,1.0001925362,0.9976757118
1371.3060057197,0.9993972890,1.0004266986,1.0387469326,0.9968918655,1.0035904807
1373.3079122974,0.9994071108,0.9997715340,0.9866745066,0.9980048686,1.0011617354
1375.3098188751,1.0014153228,0.9995186064,0.9902031725,0.9992861874,0.9985690238
1377.3117254528,1.0022907777,0.9992840174,0.9965061325,0.9993113097,0.9998359504
1379.3136320305,1.0004454947,1.0003757822,0.9981468603,0.9977385808,1.0187290628
1381.3155386082,1.0008589824,1.0008475744,0.9985942526,0.9984635235,1.0168999346
1383.3174451859,1.0005514313,1.0000884452,0.9993753460,0.9999361980,1.0057955164
1385.3193517636,0.9998121583,0.9946942770,0.9993361639,0.9990600055,0.9990264696
1387.3212583413,0.9996733690,0.9887897613,0.9995851514,0.9984722942,1.0233515973
1389.3231649190,0.9996945219,0.9935746612,0.9994593783,0.9986846616,1.0153527998
1391.3250714967,0.9997159884,0.9971462599,0.9996152535,0.9976476642,1.0037226540
1393.3269780744,0.9997250695,1.0001682528,0.9995035434,0.9963257570,0.9952809932
1395.3288846520,0.9997265682,0.9986889632,0.9995788016,0.9966114269,0.9884422753
1397.3307912297,0.9974775393,1.0016654641,0.9995368626,0.9984498701,0.9972476383
1399.3326978074,0.9870374523,1.0021006968,0.9993874557,0.9986622278,0.9949088739
1401.3346043851,0.9969341840,1.0009330647,0.9993267758,0.9996950352,0.9886137565
1403.3365109628,0.9977595609,0.9998785640,0.9990660532,0.9997374179,0.9978860255
1405.3384175405,0.9987115722,1.0003663352,0.9982380402,0.9990636209,0.9966509434
1407.3403241182,0.9990691840,1.0008492512,0.9995716280,0.9998848387,0.9996568240
1409.3422306959,0.9989244508,1.0008998921,0.9967371858,1.0000108434,0.9999231493
1411.3441372736,0.9994570064,1.0000935395,0.9953749687,0.9992724239,1.0003300975
1413.3460438513,0.9994112468,0.9975016070,0.9985097570,0.9982212752,1.0007800127
1415.3479504290,1.0024729452,1.0002597125,0.9986263392,0.9976605063,0.9989855689
1417.3498570067,1.0021282567,1.0003886536,0.9995234328,0.9989973399,0.9951509951
1419.3517635844,1.0000916025,1.0003819271,1.0002950387,0.9995347470,1.0100618801
1421.3536701621,0.9993340601,1.0011440052,1.0000022861,0.9999625230,1.0012664613
1423.3555767398,0.9993234152,1.0002820393,0.9997641924,0.9999154785,0.9989624811
1425.3574833174,0.9993903884,1.0012702789,0.9995218553,0.9993114144,0.9981778404
1427.3593898951,0.9991124577,1.0001215300,0.9994234828,0.9988444659,1.0103876339
1429.3612964728,0.9998971262,0.9998986159,0.9993946683,1.0010294923,0.9970846657
1431.3632030505,0.9993307746,0.9996322543,0.9995260362,0.9979716229,0.9900927263
1433.3651096282,0.9993479099,0.9992766736,0.9993866941,0.9978976199,0.9969188474
1435.3670162059,0.9993766325,0.9999759639,0.9993223498,0.9972149293,0.9974811406
1437.3689227836,0.9990758671,1.0001417952,0.9996993190,0.9995895932,0.9985023710
1439.3708293613,0.9996514523,1.0014419294,1.0005840589,0.9993695611,0.9974229396
1441.3727359390,0.9976124784,0.9987298508,1.0001641884,0.9981933730,0.9978233943
1443.3746425167,1.0105665561,1.0005397070,0.9997698148,0.9994698587,0.9940729827
1445.3765490944,1.0042307224,0.9997599853,1.0000449634,0.9982874780,0.9979289738
1447.3784556721,1.0012049029,0.9996986742,0.9997586659,0.9987780061,0.9967874135
1449.3803622498,0.9998982439,0.9994372808,0.9994890965,0.9978836809,0.9976429827
1451.3822688275,0.9996815543,0.9995383650,0.9992797243,0.9986905915,0.9964038907
1453.3841754051,0.9994372116,0.9994507594,0.9995539756,0.9983253982,0.9954743001
1455.3860819828,1.0010221129,1.0009515215,1.0005608014,0.9971724874,0.9933289402
1457.3879885605,1.0004998160,1.0016550955,0.9962099237,0.9980392009,0.9974026806
1459.3898951382,0.9998217867,1.0006549155,0.9866092664,0.9972718216,0.9968663799
1461.3918017159,0.9992585440,0.9976891589,0.9895681162,0.9986123463,0.9995402037
1463.3937082936,0.9994084070,0.9922194464,0.9917303524,0.9993605154,0.9977228278
1465.3956148713,0.9990457547,0.9954428585,0.9949784439,0.9988759101,0.9951287404
1467.3975214490,0.9995229958,0.9979158196,0.9981493065,0.9998813047,0.9990814878
1469.3994280267,0.9999228073,0.9985488464,0.9996497523,0.9999206456,1.0014108390
1471.4013346044,1.0004318785,0.9994147130,0.9997279344,1.0000618055,1.0011049043
1473.4032411821,1.0000479104,0.9991077286,0.9994735872,1.0001352329,0.9978790224
1475.4051477598,0.9981772378,0.9991578042,0.9991820908,0.9998770657,0.9908034427
1477.4070543375,1.0000866727,0.9994274705,0.9995625580,0.9985554732,0.9988562904
1479.4089609152,1.0000999082,0.9992728976,0.9994170963,0.9992963433,0.9961741959
1481.4108674929,0.9998554999,0.9990229876,0.9996363408,0.9997096324,0.9722324466
1483.4127740705,0.9989803600,0.9993407094,0.9994492353,0.9982473188,1.0260427491
1485.4146806482,1.0004660666,0.9926211190,0.9994541801,0.9988101020,1.0103120631
1487.4165872259,0.9961454351,0.9940412140,0.9998302657,0.9983199535,1.0180497797
1489.4184938036,1.0044261987,0.9974175412,0.9975902415,0.9973096046,1.0167696910
1491.4204003813,0.9971642807,0.9983641208,1.0038337865,0.9985404629,1.0075462896
1493.4223069590,0.9979220844,0.9987941598,0.9986299251,0.9992869554,1.0003079412
1495.4242135367,0.9989349747,0.9992143426,0.9981016854,0.9989011145,0.9978406990
1497.4261201144,0.9994203301,0.9990642638,0.9959377015,0.9997141600,0.9996482311
1499.4280266921,1.0011955633,0.9990448731,1.0754825230,0.9999691781,0.9996231433
1501.4299332698,1.0036028135,0.9993461908,1.0447870457,0.9994270942,0.9969676531
1503.4318398475,1.0004602741,0.9992711872,0.9924057858,0.9981370073,1.0092817887
1505.4337464252,1.0045313712,0.9990170630,0.9545503505,0.9956549407,1.0126593425
1507.4356530029,1.0016675293,0.9993992087,0.9929976647,0.9988482495,1.0064763669
1509.4375595806,1.0112475721,1.0011564752,0.9991495794,0.9968344500,1.0015814036
1511.4394661582,1.0049786613,1.0001560086,0.9967191491,0.9984303910,1.0108556587
1513.4413727359,1.0025340635,0.9998186674,0.9959453069,0.9993301164,0.9940894501
1515.4432793136,1.0009019133,0.9995731461,0.9962078946,0.9990557339,1.0006266790
1517.4451858913,0.9991037043,0.9991334291,0.9977876657,0.9990057309,1.0123276664
1519.4470924690,0.9946792067,0.9995297473,0.9988742346,0.9980125152,1.0103189875
1521.4489990467,1.0004949013,0.9991203470,0.9993051727,0.9991267963,1.0029459301
1523.4509056244,1.0016759197,0.9992110609,0.9993192303,0.9994055586,1.0034379880
1525.4528122021,0.9996044204,0.9994634209,0.9995270632,0.9998214405,1.0008967434
1527.4547187798,1.0005158752,0.9994356883,1.0003750198,0.9982663502,1.0009351193
1529.4566253575,0.9997806200,1.0015843924,1.0005930475,0.9993106330,1.0004673453
1531.4585319352,0.9996792386,1.0017216103,0.9998533387,0.9995416087,0.9989227597
1533.4604385129,0.9996935035,1.0003055530,0.9980062691,0.9998653397,1.0009854961
1535.4623450906,0.9944698929,0.9995484666,0.9986858212,1.0000754937,1.0005964060
1537.4642516683,0.9961939807,0.9992016314,0.9994988069,0.9994381546,0.9985022453
1539.4661582459,1.0001885586,0.9993216095,0.9998973444,0.9981532338,1.0000051539
1541.4680648236,1.0026384732,0.9990370200,0.9984197231,1.0000065523,0.9971431911
1543.4699714013,1.0016254207,0.9993586824,0.9995081293,0.9993531788,0.9976626987
1545.4718779790,1.0005672101,0.9990525591,0.9993845850,0.9985325430,0.9959097030
1547.4737845567,1.0000584494,0.9996819737,0.9995429420,0.9978037206,0.9987799553
1549.4756911344,0.9994386891,1.0003502008,0.9997327597,0.9989771867,0.9991428313
1551.4775977121,0.9990830012,0.9968297272,0.9995565377,0.9992594633,1.0062231573
1553.4795042898,0.9999930994,1.0440161664,0.9996167160,0.9998439380,0.9958638059
1555.4814108675,0.9921694227,1.0226592232,0.9995411749,0.9994278781,0.9933734753
1557.4833174452,0.9932063347,1.0079717905,0.9996994114,1.0000624259,0.9927211150
1559.4852240229,0.9971232148,1.0032760048,0.9944510716,0.9997871596,0.9968219059
1561.4871306006,0.9997051982,1.0010985968,1.0001598017,0.9989560488,0.9964019249
1563.4890371783,0.9985921995,1.0004988908,0.9985889250,0.9999657250,0.9989468351
1565.4909437560,0.9987299023,0.9995881023,1.0133046572,0.9984238913,0.9970375646
1567.4928503337,1.0010691447,0.9992997890,1.0066203400,0.9971823029,0.9967760512
1569.4947569113,1.0017519035,0.9994639652,1.0022065934,0.9982562303,0.9974424421
1571.4966634890,1.0002664747,0.9995915235,0.9999695469,0.9966632468,0.9961661621
1573.4985700667,1.0038331888,0.9996146115,0.9998564887,0.9989989231,0.9941194505
1575.5004766444,1.0369383517,0.9986878377,1.0009177735,1.0023772181,0.9978061553
1577.5023832221,1.0187052099,1.0632247602,0.9997789253,0.9975386653,0.9986748317
1579.5042897998,1.0075388288,1.0223862218,0.9993126756,0.9989535893,0.9999414532
1581.5061963775,1.0020217045,1.0090438704,0.9990500379,0.9984901343,0.9990130153
1583.5081029552,1.0009424872,1.0030908324,0.9984831519,0.9991862225,1.0000140399
1585.5100095329,1.0013843666,0.9998492607,0.9990997936,0.9988122885,0.9985217386
1587.5119161106,1.0008807868,0.9887733044,1.0169163934,0.9996712530,0.9968962681
1589.5138226883,1.0000425004,1.0017361756,1.0087924698,1.0001004640,0.9963990687
1591.5157292660,1.0012880734,0.9977333033,1.0029110699,0.9999874331,1.0052784317
1593.5176358437,1.0004388502,0.9985043145,1.0012518021,0.9989858807,1.0127022783
1595.5195424214,0.9999004195,0.9989352229,1.0002705518,1.0040276133,1.0030501682
1597.5214489990,0.9996267352,0.9993465944,1.0009819508,1.0017774009,1.0003347312
1599.5233555767,0.9994713037,0.9992910942,0.9997431074,1.0005346480,0.9997847557
1601.5252621544,0.9909123544,1.0013187709,0.9999458014,1.0002422530,0.9981410170
1603.5271687321,1.0023761221,1.0001335422,0.9997424316,0.9990985610,0.9988754905
1605.5290753098,1.0027389027,0.9995608168,0.9994945641,0.9969850286,0.9963707165
1607.5309818875,1.0005751602,0.9993982513,0.9998394898,0.9982843608,0.9990705995
1609.5328884652,1.0016008983,0.9994207961,0.9970063388,0.9990294037,1.0006796170
1611.5347950429,0.9994696069,1.0016416622,0.9986816271,0.9985635662,0.9984389692
1613.5367016206,1.0007337108,1.0019029178,1.0107244011,1.0002202456,0.9963959011
1615.5386081983,0.9991923727,1.0008081772,1.0019566883,0.9996918172,0.9998865590
1617.5405147760,0.9996537239,0.9997618720,0.9989095304,1.0090335988,0.9995841882
1619.5424213537,0.9995769664,0.9990968180,0.9977692116,1.0027495755,1.0021551536
1621.5443279314,0.9992269201,1.0027571480,0.9967109270,1.0017354803,0.9961006964
1623.5462345091,0.9806029988,1.0229731883,0.9948342409,0.9993590699,0.9971373779
1625.5481410867,0.9725606718,1.0127436800,0.9991861280,0.9998347107,0.9968091184
1627.5500476644,0.9911945945,1.0060614620,0.9998419953,0.9995274738,0.9992748257
1629.5519542421,0.9968065633,1.0025650865,0.9999932307,1.0000100429,0.9997335371
1631.5538608198,0.9986660755,1.0288604769,0.9999169221,0.9999921543,0.9991387113
1633.5557673975,0.9999156718,1.0101550471,0.9995843923,0.9995894766,0.9990014867
1635.5576739752,0.9939140392,1.0043931726,0.9993912083,0.9988329732,1.0201475397
1637.5595805529,0.9961419947,1.0026535875,0.9990238683,1.0070406041,0.9898700171
1639.5614871306,0.9980365904,1.0009186602,0.9995710777,1.0003384684,1.0020472775
1641.5633937083,0.9988520752,1.0001672265,1.0016653072,0.9983931320,1.0047481550
1643.5653002860,1.0012681225,0.9999109261,1.0056445109,0.9972469978,1.0092232691
1645.5672068637,0.9986747780,0.9998095655,1.0035437637,0.9994415426,1.0122559685
1647.5691134414,0.9919460902,0.9997178217,1.0024262091,0.9996443639,1.0037270984
1649.5710200191,0.9972615038,0.9994847369,1.0016655731,0.9988000628,0.9996339474
1651.5729265968,1.0010038455,0.9992573234,1.0016448173,0.9999223025,1.0010752920
1653.5748331745,1.0005613017,0.9907995926,1.0019527780,0.9991779973,0.9997232164
1655.5767397521,1.0017403791,0.9942377366,1.0001913251,0.9999896125,0.9991341506
1657.5786463298,1.0010085371,0.9985160304,1.0003648080,1.0000027503,0.9976598573
1659.5805529075,1.0002876186,1.0260726130,1.0011411553,0.9974450827,0.9993730247
1661.5824594852,1.0003627673,1.0145629692,0.9990973024,0.9968819557,1.0009971776
1663.5843660629,1.0015908254,1.0051004026,0.9987190885,0.9980441367,1.0002292539
1665.5862726406,1.0007903469,1.0012169805,0.9993145459,0.9992255790,0.9964028090
1667.5881792183,0.9998097033,0.9997347697,0.9983795470,0.9996897500,0.9966349437
1669.5900857960,0.9992088952,0.9994427549,0.9983523205,0.9998723104,0.9950878512
1671.5919923737,0.9992645560,0.9994000132,0.9989154193,0.9990845063,0.9964744156
1673.5938989514,0.9995021353,0.9990640041,0.9994271959,0.9998645569,0.9985631048
1675.5958055291,0.9996390220,0.9991717611,1.0002893482,1.0000341739,0.9980666133
1677.5977121068,0.9996966792,0.9994406883,0.9984544325,0.9999464995,0.9993475004
1679.5996186845,0.9995077370,0.9995772518,1.0002544591,0.9991403477,0.9978675163
1681.6015252622,1.0018895215,0.9995859679,0.9973087476,0.9966729407,0.9963408710
1683.6034318398,1.0002114543,0.9994681493,0.9991216723,0.9980522953,0.9959943306
1685.6053384175,0.9997052870,1.0008325434,0.9993964246,0.9988412528,0.9964971144
1687.6072449952,0.9992556245,0.9954256254,0.9993308653,1.0002892575,0.9962477353
1689.6091515729,0.9993974920,0.9970216107,0.9992440133,1.0024730701,0.9960204621
1691.6110581506,1.0001793545,0.9982910238,0.9995159911,0.9981633297,0.9962052714
1693.6129647283,1.0013018610,0.9991107784,1.0148121591,0.9969774190,1.0071375660
1695.6148713060,1.0005192143,0.9995018012,1.0025197492,0.9985525336,1.0057437143
1697.6167778837,1.0014279862,0.9994576970,1.0197630962,0.9987061593,1.0205914012
1699.6186844614,0.9972043687,0.9991616646,1.0082213275,0.9991139504,1.0087331237
1701.6205910391,1.0010346951,0.9990885236,1.0007617064,0.9970408599,1.0046420021
1703.6224976168,0.9992939029,0.9993160586,0.9993383172,0.9981719912,1.0011752631
1705.6244041945,0.9992169862,1.0000923011,0.9998712175,0.9989011182,1.0014666276
1707.6263107722,0.9991603863,1.0000082468,0.9998706318,0.9997612594,1.0012279345
1709.6282173499,0.9994171561,0.9999127275,0.9956740916,1.0035262064,1.0005510135
1711.6301239275,0.9995991527,0.9994179348,0.9974940179,1.0028413944,0.9996406541
1713.6320305052,1.0001556389,0.9991426609,0.9990887386,0.9997024799,0.9957780370
1715.6339370829,1.0007663336,0.9955513045,0.9986516845,0.9994598755,0.9985385977
1717.6358436606,1.0000063495,0.9890731484,1.0037810764,0.9991301229,1.0013884925
1719.6377502383,0.9997335343,0.9970219515,1.0013020354,0.9999084384,1.0010029647
1721.6396568160,0.9997118777,0.9980774962,0.9998593347,0.9996866715,0.9969925662
1723.6415633937,0.9995004593,0.9982269601,1.0000011976,1.0000340641,0.9995860642
1725.6434699714,0.9926868767,0.9996523973,0.9999441723,0.9990762123,0.9978013935
1727.6453765491,0.9969035105,0.9997636271,0.9997521211,0.9991036720,1.0001831694
1729.6472831268,0.9450038114,0.9999880950,0.9996486609,0.9998780334,1.0001965333
1731.6491897045,0.9834313281,0.9996832492,0.9973723069,0.9998042897,0.9975614077
1733.6510962822,0.9941617649,0.9996640268,0.9986414632,0.9993819683,0.9916007801
1735.6530028599,0.9970716328,0.9992844788,0.9991980665,1.0000554441,0.9802488402
1737.6549094376,0.9995775550,0.9998980308,0.9991254956,0.9998175500,0.9969279999
1739.6568160153,0.9963251875,0.9994801395,0.9989727674,1.0000160724,1.0024561489
1741.6587225929,1.0002725578,0.9999682640,0.9917996502,0.9892432678,1.0036415921
1743.6606291706,0.9998589593,0.9927555113,0.9984863654,1.0111266208,0.9508574019
1745.6625357483,0.9994929416,0.9857481872,0.9999944189,1.0004874879,0.9810372645
1747.6644423260,0.9992031003,0.9995539852,0.9989134276,0.9945818894,0.9885793854
1749.6663489037,0.9993040468,0.9980868819,0.9979125947,0.9996896531,1.0082414323
1751.6682554814,1.0001582971,0.9989110560,0.9970630483,0.9989015482,1.0147262341
1753.6701620591,0.9995749816,0.9998177807,0.9956019020,0.9966236229,1.0248407862
1755.6720686368,1.0485405117,1.0007351842,0.9928522389,1.0025780445,0.9969889956
1757.6739752145,0.9919389965,1.0000762886,0.9970790277,1.0002196735,0.9980739153
1759.6758817922,1.0009253680,0.9997670072,0.9999177789,0.9998970174,1.0010823880
1761.6777883699,0.9988556318,0.9992124581,1.0009928989,0.9998450655,1.0002898871
1763.6796949476,0.9947534480,0.9992298890,1.0000591969,1.0000707776,0.9961750320
1765.6816015253,0.9965367940,0.9992662701,0.9997436095,0.9991207530,0.9993936288
1767.6835081030,0.9980240399,0.9990105899,0.9999138969,0.9999122808,0.9944526569
1769.6854146806,1.0002439829,0.9994234280,0.9995850667,0.9979343299,0.9979732933
1771.6873212583,1.0022019886,1.0011150088,0.9997466611,0.9985096192,0.9972008295
1773.6892278360,1.0116740176,1.0004038770,1.0003241648,0.9992161691,0.9943110516
1775.6911344137,1.0132506559,0.9999078155,1.0001727907,0.9996858390,0.9889346623
1777.6930409914,1.0055264854,1.0016288368,1.0004908471,0.9990562415,0.9960796441
1779.6949475691,1.0020608491,0.9992688362,0.9998376412,0.9548115323,0.9991963069
1781.6968541468,1.0001797525,1.0184647496,1.0012817449,0.9897511463,0.9944141369
1783.6987607245,0.9996853408,1.0071802848,0.9995859159,0.9947139681,0.9987859966
1785.7006673022,0.9950106252,1.0012141293,0.9993697788,0.9983497506,0.9972710121
1787.7025738799,0.9944880629,1.0001109513,1.0004135793,0.9999341459,0.9967590238
1789.7044804576,0.9968759698,0.9995382938,1.0005241388,1.0000765700,0.9969484913
1791.7063870353,0.9985162843,0.9999411546,0.9998008304,1.0001201042,0.9950415774
1793.7082936130,1.0013213945,0.9942110486,0.9986854756,1.0003217025,0.9986394568
1795.7102001907,1.0013389465,0.9894693500,0.9984754761,0.9998082332,0.9996128597
1797.7121067684,1.0004749348,0.9942745536,0.9993341975,1.0002098662,0.9992175647
1799.7140133460,1.0000223599,0.9974783303,0.9981614916,0.9998454412,0.9971541585
1801.7159199237,1.0008253427,0.9985538988,0.9968691125,1.0002467709,0.9962099828
1803.7178265014,0.9975847720,0.9993871403,0.9989407713,0.9999116371,0.9968813089
1805.7197330791,0.9970862153,0.9965496196,0.9994699214,0.9990219683,0.9989052452
1807.7216396568,0.9957903993,0.9760885954,0.9996324151,0.9974092771,0.9986199977
1809.7235462345,0.9974758937,0.9993352567,1.0001890650,0.9938440661,0.9996917220
1811.7254528122,0.9984117790,1.0012987209,0.9995578551,0.9986047540,0.9995146279
1813.7273593899,0.9991007836,1.0000751216,0.9998535589,0.9985314951,0.9972185589
1815.7292659676,0.9992817706,1.0008084756,0.9976111328,0.9991942377,0.9927270546
1817.7311725453,1.0008110138,1.0003580216,0.9994394335,0.9997482337,0.9850821478
1819.7330791230,0.9985486560,0.9984265437,0.9996672364,0.9999959182,0.9713915905
1821.7349857007,1.0017435086,0.9931248435,0.9996058907,0.9995964655,0.9477479960
1823.7368922784,0.9976254675,0.9957841485,0.9993738185,1.0001637384,0.9101363345
1825.7387988561,0.9983819135,0.9981316271,1.0001582010,1.0000188187,0.9752061378
1827.7407054337,0.9989676819,1.0004141552,0.9978518168,0.9992100138,0.9562964069
1829.7426120114,0.9993951484,0.9990204210,1.0004584954,1.0000105571,0.9963771567
1831.7445185891,0.9999928458,0.9997478964,0.9985821801,0.9999774644,0.9977238664
1833.7464251668,1.0022222583,0.9993105927,0.9977507960,0.9990921390,0.9989285452
1835.7483317445,0.9984990423,1.0023284751,0.9993082994,0.9974677911,0.9969094101
1837.7502383222,0.9987940246,1.0018812430,0.9992121657,0.9940726231,0.9913939761
1839.7521448999,0.9991699874,1.0007298859,0.9998047414,0.9864533291,0.9804451346
1841.7540514776,0.9994819721,0.9999177984,1.0009315997,0.9992270914,0.9961762013
1843.7559580553,0.9994283474,0.9993662217,0.9975518759,0.9984609549,0.9910059964
1845.7578646330,0.9951236083,1.0000894566,0.9907973692,0.9957662375,0.9790721774
1847.7597712107,1.0123353594,1.0007273787,0.9942187481,0.9896919406,0.9562294458
1849.7616777884,1.0058191668,0.9999766637,0.9972353631,0.9998349036,1.0151735507
1851.7635843661,1.0023119282,1.0008094383,0.9961803013,0.9983464534,1.0006481590
1853.7654909438,1.0007095736,0.9951250000,1.0026989925,0.9986992429,0.9877784502
1855.7673975214,0.9998969922,0.9975179813,0.9988817113,0.9977650241,0.9812365926
1857.7693040991,1.0025627448,0.9986922980,0.9991640278,0.9984975907,0.9764419935
1859.7712106768,0.9993952655,0.9988046471,1.0160902291,0.9979040815,0.9943825890
1861.7731172545,1.0013713993,0.9991206289,1.0076537914,0.9987056280,0.9968285790
1863.7750238322,1.0009348290,0.9992584094,1.0025491824,0.9991917549,0.9937588664
1865.7769304099,1.0002656421,0.9990167796,1.0005204089,0.9987587431,0.9922587726
1867.7788369876,0.9999401873,0.9992541506,1.0007824101,0.9971644255,1.0029880850
1869.7807435653,0.9998098058,1.0007118854,1.0004304771,0.9974247794,1.0054337677
1871.7826501430,0.9997595892,1.0016006504,0.9999684421,0.9970080704,0.9935316109
1873.7845567207,1.0011249826,0.9902706446,1.0038466297,0.9978294674,1.0219959084
1875.7864632984,0.9983306874,0.9862526745,1.0023965740,0.9980264775,0.9962308879
1877.7883698761,0.9961997770,0.9997793951,1.0006122966,1.0003334805,1.0006096064
1879.7902764538,0.9994033699,1.0016850734,0.9991980702,0.9984464009,1.0024275435
1881.7921830315,0.9999834594,1.0000184044,0.9997094179,0.9984533655,0.9956891251
1883.7940896092,0.9998901574,1.0002547402,0.9994422497,1.0026809992,0.9973570114
1885.7959961868,0.9998000608,0.9998974094,0.9997501966,0.9987379368,0.9967517134
1887.7979027645,0.9995657121,0.9999185941,1.0000593639,0.9982452302,1.0030970817
1889.7998093422,0.9992197370,0.9978606066,0.9998594524,0.9993309338,1.0035299371
1891.8017159199,0.9990707136,0.9964245642,0.9995436026,0.9995236413,0.9980129841
1893.8036224976,0.9992825165,1.0542094313,0.9995929459,0.9987656169,0.9931862983
1895.8055290753,1.0249086192,1.0042654264,0.9994530378,0.9995006393,0.9889074021
1897.8074356530,1.0165905472,0.9970892862,0.9996114155,0.9998940430,0.9961617448
1899.8093422307,1.0060862627,1.0003606774,0.9996219642,0.9984221534,0.9951402230
1901.8112488084,1.0019984920,1.0002521675,0.9996840553,0.9987715503,0.9986506010
1903.8131553861,1.0001962382,0.9998687907,0.9980326244,0.9984827999,0.9992137998
1905.8150619638,0.9997079394,0.9996493181,0.9947229484,0.9984600850,0.9999255574
1907.8169685415,0.9910792048,0.9994896546,0.9920941171,0.9995754193,1.0006256189
1909.8188751192,0.9886809965,1.0005544605,0.9960760534,0.9997886448,1.0007131085
1911.8207816969,0.9951465996,0.9998850054,0.9980283396,0.9996918591,1.0001057508
1913.8226882745,0.9990579755,1.0000183107,0.9985518433,1.0001313756,0.9983531813
1915.8245948522,1.0006604163,0.9995023314,0.9986249283,0.9998151404,1.0005006680
1917.8265014299,1.0001889446,0.9994574693,0.9993871683,0.9999984868,1.0009729546
1919.8284080076,0.9904410759,1.0009484663,0.9993247191,0.9981138453,1.0002143434
1921.8303145853,1.0136421883,0.9998372011,0.9992779802,0.9990681230,1.0005118784
1923.8322211630,1.0046817411,1.0007317069,0.9994990674,0.9994947239,0.9967204363
1925.8341277407,1.0012897662,0.9990973696,0.9967104537,0.9887468818,0.9945249865
1927.8360343184,0.9989340232,0.9996727435,0.9578732675,0.9802193991,0.9985333492
1929.8379408961,1.0021910862,0.9996250178,0.9669722080,1.0044268307,1.0028438634
1931.8398474738,1.0037051297,1.0003334163,0.9875387047,1.0183763436,1.0010940923
1933.8417540515,1.0004704948,1.0021130524,0.9975301908,1.0239209125,1.0016840667
1935.8436606292,0.9995334835,1.0013527401,0.9981663398,1.0041475891,1.0002998148
1937.8455672069,0.9993444169,0.9976071740,0.9958884285,1.0040869038,1.0002520684
1939.8474737846,0.9994012701,0.9789261850,1.0004316246,1.0012414349,0.9970563195
1941.8493803622,0.9991161152,0.9832152996,0.9986081221,1.0001376170,0.9991523208
1943.8512869399,0.9990609535,0.9920955979,0.9993159690,0.9988963556,1.0068348903
1945.8531935176,1.0001566840,0.9990998807,0.9995830888,1.0049235574,1.0033642634
1947.8551000953,1.0014078517,1.0026586434,1.0177848158,1.0048231702,0.9997285725
1949.8570066730,1.0002188888,0.9991470098,1.0004392553,1.0018493101,0.9985365091
1951.8589132507,1.0010118343,0.9996714293,0.9997606334,0.9998285461,0.9953226531
1953.8608198284,1.0005275207,1.0017563820,1.0001233851,1.0002823757,0.9969657305
1955.8627264061,0.9965420191,0.9997823196,1.0002969647,0.9999045616,0.9951995598
1957.8646329838,0.9978642186,1.0054844540,0.9996931207,1.0003147477,0.9984820849
1959.8665395615,0.9983471827,1.0251408785,0.9995742949,1.0000286527,0.9984022737
1961.8684461392,1.0020114418,1.0106772822,0.9997561786,1.0001635214,1.0001373280
1963.8703527169,0.9987114377,1.0036516603,1.0002363391,1.0001753810,0.9999378434
1965.8722592946,0.9997926386,1.0009602762,1.0001965957,1.0011301269,0.9990514809
1967.8741658723,0.9978458004,0.9997738926,0.9997265548,0.9973203443,1.0008285052
1969.8760724500,0.9970608987,0.9999611572,0.9993068058,0.9988857605,1.0004653516
1971.8779790276,0.9985488445,0.9993783109,0.9986077672,0.9984899917,0.9984485060
1973.8798856053,0.9987981789,0.9991879099,0.9970205907,0.9995854540,1.0001164620
1975.8817921830,1.0000989573,0.9994086241,0.9994852732,0.9999548966,0.9966340347
1977.8836987607,1.0002808964,0.9995704970,0.9998549323,0.9997291293,0.9973717116
1979.8856053384,0.9995656467,0.9996117171,0.9982049070,1.0001802602,0.9983440092
1981.8875119161,0.9997035266,0.9995427578,0.9990300023,0.9983935222,0.9995184301
1983.8894184938,1.0005766184,0.9994845857,1.0000070903,0.9985003657,0.9999044936
1985.8913250715,1.0012229661,1.0014178481,1.0102736593,1.0057230765,0.9975537510
1987.8932316492,1.0012790241,0.9982818482,1.0015814452,0.9994752532,0.9998847451
1989.8951382269,1.0001109225,1.0483907049,0.9996497344,0.9998089003,0.9972245491
1991.8970448046,0.9995106685,1.0078760555,0.9994932539,0.9126644545,1.0029964828
1993.8989513823,0.9996764421,1.0029802934,0.9970814934,0.9192340325,1.0046293490
1995.9008579600,1.0014302676,1.0014916927,0.9940641293,0.9714137996,1.0003623753
1997.9027645377,0.9981726033,1.0005913176,0.9990117287,0.9833473098,1.0007810541
1999.9046711153,1.0054344030,0.9996822745,0.9991509568,0.9833421523,1.0005403915
2001.9065776930,1.0021051705,0.9995239013,0.9999302439,0.9753488969,0.9991178231
2003.9084842707,0.9996545485,0.9986554118,1.0010642534,0.9592442828,0.9967408732
2005.9103908484,1.0004506805,1.0004420696,1.0000305200,0.9930395342,0.9962214415
2007.9122974261,1.0002750682,1.0002305564,0.9997353818,0.9943701625,0.9973361491
2009.9142040038,0.9998744044,0.9999056082,0.9995367703,0.9967834296,0.9978119063
2011.9161105815,1.0004398719,1.0001876402,0.9994505510,0.9982476647,1.0036440368
2013.9180171592,0.9947133182,1.0017813334,0.9995309757,0.9964595492,1.0024683715
2015.9199237369,0.9955989965,1.0011399991,0.9995366645,0.9984539569,1.0031347697
2017.9218303146,0.9969447835,1.0003166001,0.9993897335,0.9975014165,1.0010605514
2019.9237368923,0.9996257516,0.9996858927,0.9995665003,0.9986335735,0.9993533266
2021.9256434700,0.9994474018,0.9991845472,0.9996829222,1.0010256426,0.9971262275
2023.9275500477,0.9995159114,0.9991928089,0.9974303210,0.9979495768,0.9988139205
2025.9294566254,1.0012775882,0.9994466653,0.9969944410,0.9991716672,1.0011008955
2027.9313632031,1.0003324503,0.9993587211,0.9965799661,1.0054112743,1.0011794227
2029.9332697807,0.9982287154,0.9990575656,0.9986131641,1.0090977567,1.0006322079
2031.9351763584,1.0009433452,0.9996495305,0.9988767143,1.0051838513,1.0003364023
2033.9370829361,0.9979444005,0.9992226538,0.9988396078,1.0001919712,0.9974267733
2035.9389895138,1.0004333340,0.9993509837,0.9986659828,0.9997081638,1.0000950399
2037.9408960915,1.0001701007,0.9995375806,0.9994555631,1.0002021110,0.9989789417
2039.9428026692,0.9998042459,0.9993100567,1.0000886467,0.9999959134,1.0007130053
2041.9447092469,1.0001603535,0.9998930358,0.9996674946,1.0000740661,1.0004209739
2043.9466158246,1.0014459217,0.9994801776,0.9996944382,0.9986370748,0.9959762359
2045.9485224023,1.0003113652,0.9991948010,1.0000993345,0.9995380468,0.9948849575
2047.9504289800,0.9995619451,0.9993416086,1.0061072835,0.9996585368,0.9982727492
2049.9523355577,0.9992958337,0.9990438210,0.9991157456,0.9996590717,0.9979545843
2051.9542421354,0.9994733066,0.9994331196,0.9995124768,1.0023640474,0.9987256289
2053.9561487131,0.9996210033,0.9991230541,0.9985221879,0.9990815751,0.9993595771
2055.9580552908,0.9993139053,0.9994083791,0.9995629049,0.9985710638,0.9960827281
2057.9599618684,0.9990263040,1.0014038288,1.0003469303,1.0005606492,0.9965606765
2059.9618684461,0.9992373941,0.9993036009,1.0002585719,0.9988558159,0.9958933447
2061.9637750238,0.9831014197,0.9957232456,0.9996386929,0.9993244240,0.9965628749
2063.9656816015,1.0212062110,0.9970810145,0.9996870142,0.9998197667,0.9978383453
2065.9675881792,1.0081910450,0.9980294365,0.9991121104,1.0062069972,0.9988902657
2067.9694947569,1.0026644220,1.0003646642,1.0002432488,1.0006010832,0.9992652157
2069.9714013346,1.0003553018,1.0001677535,1.0008703737,0.9993183067,0.9973383894
2071.9733079123,0.9997470037,0.9997211397,1.0001630028,0.9997993886,0.9939174313
2073.9752144900,1.0001171039,0.9933796409,0.9998692476,0.9977767857,0.9986594465
2075.9771210677,0.9964217482,0.9994277775,0.9995885089,1.0013253929,0.9967608288
2077.9790276454,0.9942905847,0.9950317870,0.9994186305,0.9987212670,1.0000202648
2079.9809342231,0.9986775988,0.9972341205,0.9995388654,1.0001463890,0.9994772554
2081.9828408008,0.9990674466,0.9985415079,0.9996293580,1.0001506896,0.9963980451
2083.9847473785,0.9992012798,1.0000602034,0.9996249615,0.9994586779,0.9983746077
2085.9866539561,0.9994613080,0.9973493938,0.9994241557,0.9981817280,0.9976700559
2087.9885605338,0.9994387849,0.9924259735,0.9993400485,0.9983529383,0.9983191099
2089.9904671115,1.0001751768,1.0011836574,0.9991033838,0.9987394554,0.9996818708
2091.9923736892,1.0001890749,0.9983078638,0.9983537915,0.9990997937,0.9999676515
2093.9942802669,0.9995631946,1.0005015146,0.9996017142,0.9978512181,0.9980128060
2095.9961868446,0.9994511642,0.9990530745,1.0001793388,0.9985234705,0.9960110563
2097.9980934223,0.9996821795,1.0023183840,1.0002053984,1.0086813020,1.0228653113
2100.0000000000,0.9993833454,1.0016392253,0.9991584577,1.0052368139,1.0133234556
